image,accident,action,action energy,active,adolescence,adult,adventure,agriculture,ailment,air,animal,architecture,armor,army,art,athlete,audience,balloon,basket,battle,beach,beautiful,bike,bird,blood,boat,boy,bright,building,business,butterfly,calamity,camp,campsite,canine,carnival,carriage,cart,cattle,cavalry,celebration,cemetery,ceremony,chair,child,circus,city,closeup,cloud,cold,color,competition,concert,costume,countryside,crowd,culture,cute,cyclist,dancing,daylight,decoration,design,desktop,disease,dog,drag race,dress,drum,editorial,education,effort,election,energy,enjoyment,entertainment,environment,equipment,event,exercise,exhibition,eye,face,fair weather,family,farm,farming,fashion,festival,field,figment,fish,fitness,flag,flight,flower,fly,flying,food,football,freedom,friendship,fun,game,gameplan (sports),garden,girl,gold,grass,grave,group,group together,gun,hand,happiness,hayfield,head,high,home,horizontal,hurry,illness,illustration,industry,injury,instrument,interaction,iron,kite,landscape,lawn,leader,leaf,leisure,lid,lifestyle,little,livestock,machine,machinery,mammal,man,many,marathon,market,meat,military,motion,movie,mud,music,musician,national,nature,no person,ocean,offense,offspring,old,one,outdoors,outfit,outside,painting,parade,park,party,people,performance,person,picnic,playground,police,portrait,print,public show,race,race (competition),rally,recreation,relaxation,religion,rescue,retro,rider,road,roll along,rope,royalty,runner,rural,rusty,school,sculpture,sea,seafood,seashore,season,seat,seated,ship,shop,sight,signal,signalise,singer,sit,skirmish,sky,snow,soccer,soil,soldier,son,space,spectator,sport,sports equipment,squad,stage,steel,stock,stone,strange,street,summer,sun,sword,symbol,teamwork,technology,tent,theater,toddler,togetherness,tourism,tourist,toy,track and field,traditional,transportation system,travel,tree,tropical,two,umbrella,uniform,vacation,vector,vehicle,veil,vertical,vintage,wagon,war,warrior,water,watercraft,weapon,wear,wheel,wild,wildlife,wind,wing,winter,woman,wood,wooden,young
https://scripts.njae.me.uk/festive-road-pictures/small/2017/festival-of-giants-2017/19247943_1571294846222629_7357675221196322624_n-small.jpg,,,,,,,,,,,,,,,,,,,,,,,,,,,,,,,,,,,,,,,,,,,,x,,,,,,,x,,,,,,,,,,,,,,,,,,,,,,,,,,,,,,,,,,,,,,,,,,,,,,,,,,,,,,,,,,,,,,,,,,,,,,,,,,,,,,,x,,,,x,,,,,,,,,,,,,,,,,,,,,x,,,,x,,x,,,,,x,,x,,,,,,,,,,,,x,,,,,,,,,,,,,,,,,,,,,,,,,,,,,x,,,,,,,,,,,,,,,,,x,,,,,,,,,,,,,,x,x,x,,,,x,,,,x,,,x,,,,,,,,x,,,,,,,x,,
https://scripts.njae.me.uk/festive-road-pictures/small/2017/festival-of-giants-2017/19260260_10155798957108912_6877095460907410088_n-small.jpg,,,,,,x,,,,,,,,,,,,,,x,,,,,,,,,,x,,,,,,,,,,,,,,,,,,,,,,x,,,,,,,,,,,,,,,,,,,x,,,,,,,,,,,,,,x,,,,,,,,,,,,,,,,,,,,,,,,x,,x,,,,,,,,,,,,,,,,,,,x,,x,,x,,,,,,,,x,,,,,x,,,,,,,,,,,,,,x,,,,,,,x,,,,,,,,,,,,x,,,,,,,,,,,,,,,,,,,,,,,,,,,,,,,,,,,,,,,,,,,,,,x,,,,,,,,,,,,,,,,,,,,,,,,,,,,,x,,,,,x,,,,,,,x,,,
https://scripts.njae.me.uk/festive-road-pictures/small/2017/festival-of-giants-2017/19260271_10155798959113912_6568076652885589190_n-small.jpg,,x,,,,x,,,,,,,,x,,,,,,x,,,,,,,,,,,,,,,,,,,,,,,,,,,,,,,,x,,,,,,,,,,,,,,,x,,,,,,,,,,,,,,,,,,,,,,x,,,,,,,,,,,,,,,,,,,,,,x,x,,,,,,,,,x,,,,,,,,,,,,,,,,,,,,,x,x,,,,x,x,,,,,,,,,,,,,,,,,,,,x,,,,,,,,,x,x,,,,,,,,x,,,,,,,,,,,,,,,,,,,,,,,,,,,,,,,,,,,,,,,,,,,,,,,,,,,,,,,,,,,,,,,,x,,,,,,,,,,,,,,,,,x,,,
https://scripts.njae.me.uk/festive-road-pictures/small/2017/festival-of-giants-2017/19260709_1906157629708906_941293702425961197_n-small.jpg,,,,,,x,,,,,,,,,,,,,,x,,,,,,,,,,,,,,,,,,,,x,x,,,,x,,,,,,,x,,x,,,,,,,,,,,,,,,,,,,,,,,,,,,x,,,,,,,,x,,,,,,,,,,,,,,x,,,,,,,,x,,,,,,,,,,,,,,,,,,,,,,,,,,,,,,x,x,,,,,,,,,,,,,,,,,,,,,,,,,,x,,,,,,x,,,,,,,,x,,,,,,,,,,,,,,,,,,,,,,,,,,,,,,,,,,,,,,,,,,x,,,,,,,,,,,,,,,,,,x,,,x,,,,,,,,,,,,,,,,,,,,,,x,,,
https://scripts.njae.me.uk/festive-road-pictures/small/2017/festival-of-giants-2017/19399545_1906157536375582_145833912971136200_n-small.jpg,,,,,,x,,,,,,,,,,,,,,,,,,x,,,,,,,,,,,,,,,,,,,,,,,,,x,,,x,,,,,,,,,,,,,,,,,,,,,,,,,x,,,,,,,,,,,,,,,,,,,,,,,,x,,x,,,,,,,,x,,,,,,,,,,,,,,,,,,,x,,,,,,,,,,,,,,,,,,x,,,,,,x,,,,,,x,x,,,,,,,x,,,,,,,,,,,,,,,,,,,,,,,,,,,,,,,,,,,,,,,,,x,,,,,,,,,,,,,,,,,x,,,,,,,,,,,,,,,,x,,,x,x,,,,,,,,,,,x,,,,,,,,,,,,,
https://scripts.njae.me.uk/festive-road-pictures/small/2017/festival-of-giants-2017/19399604_1571269959558451_3607857139496512917_n-small.jpg,,,,,,x,,,,,,,,,,,,,,,,,,,,,,,,,,,,,,,,,,,,,,,,,,,,,,,x,,,,,,,,,,,,,,,,,,,,,,x,,,,,,,,,,,,,,x,,,,,,,,,,,,,,x,,,,,,,,,,,,,,,,,,,,,,,,,,,x,,,,x,,,,,,,,,,,,,,,,,x,x,,x,,,,,,x,x,,,,,x,,x,x,,,,,x,,,,,,x,,,,,,,,,,,,,,,,,,,,,,,,,,x,,,,,,,,,,,,,,,,,,,,x,,,,,,,,,,,,,,,,,,,,,,,,,,,,,,,,,,,,,,,,,x,,,
https://scripts.njae.me.uk/festive-road-pictures/small/2017/festival-of-giants-2017/19399607_1906157696375566_1386540831124064876_n-small.jpg,,,,,,x,,,,,,,,,,,,,,,,,,,,,,,,,,,,,,,,,,,,,,,x,,x,,,,,x,,,,,,,,,x,,,,,,,,,,,,,,,,,,,,,,,,,,,,x,,,,,,,,,,,,,,x,,,,,,,,x,x,,,,,,,,,,,,x,,,,,,x,,,,x,,,,,,,,x,,,,,,,,,,,,,,,,,,,x,,,,,,,x,,,,,,,,,,,,,,,,,,x,,,,,,,,,,,,,,,,,,,,,,,,,,,,,,,,,,,,,,,,,,,,,,,,,,,,,,,x,x,,,,,,,,x,,,,,,,,,,,,,,,,,x,,,
https://scripts.njae.me.uk/festive-road-pictures/small/2017/festival-of-giants-2017/19399619_1906157669708902_5236259890165828680_n-small.jpg,,x,,,,x,,,,,,,,,,,,,,,,,,,,,,,,,,,,,,,,,,,,,,,x,,,,,,,x,,,,,,,,,x,,,,,,,,,,,,,,x,,,,,,,,,,,,,,x,,,,,,,,,,,,,,x,,,,x,,,,x,,,,,,,,,,,,,,,,,,x,,,,,x,,,,,,,,x,,,,,,x,,,,,,,,,,,,,x,,,,,,,x,,,,,,,,,,,,x,,,,,,,,,,,,,,,,,,,,,,,,,,,,,x,,,,,,,,,,,,,,,,,,,,,,,,,,,,,,,,,,,,x,,,,,,,,,,,,,,,,,,,,,,x,,,
https://scripts.njae.me.uk/festive-road-pictures/small/2017/festival-of-giants-2017/19399647_10155390848088965_7938774344617224117_n-small.jpg,,,,,,,,,,,,,,,x,,,,,,,x,,,,,,,,,,,,,,,,,,,,,,,,,,,x,,x,,,,,,,,,,,,,x,,,,,,,,,,,,,,,,,,,,,,,,,,,,,,,x,,,x,,,,,,,,,,,,,,,,,,,,x,,,,,x,,,,,,,x,,,,,,,,,,,,,,,,,,,,,,,,x,,,,,,,x,,,,,,,,,,,,,,,,,,,,,,,,,,,,,,,,,,,,,x,,,,,x,,,,,,x,,,,,,x,,x,,,,,,,,,x,,,x,,,,,,,,,,,,,x,,,,,,,,,,,,,,,,,,,,,,,,,,,,
https://scripts.njae.me.uk/festive-road-pictures/small/2017/festival-of-giants-2017/19400005_1906157369708932_5926469320023148390_n-small.jpg,,,,,,x,,,,,x,,,,,,,,,,,,,,,,,,,,,,,,x,,,,,,x,,,,,,,,,,,,,,,,,,,,,,,,,x,,,,,,,,,,,,,,,,,,,,,,,x,,,,,,,,,,,,,,x,,,,,,,,,,,,,,,,,x,,,,,,,,,,,,,,,,,,,,,x,x,,,,,,,,,,,,,x,,,,,,x,,,,,,,x,,,,,,x,,,,,,,,,,,,,,,,,,,,,,,,,,,,x,,,,,,,,,,,,,,,,,,,,x,,,x,x,,,,,,,,,,,,x,,,,,,,,,,,,,,x,,,,,,,,,,,,,,,,,,
https://scripts.njae.me.uk/festive-road-pictures/small/2017/festival-of-giants-2017/19400138_1571270689558378_2695965706258769366_n-small.jpg,,,,x,,x,,,,,,,,,,,,,,,,,,,,,,,,,,,,,,,,,,,,,,,x,,,,,,,x,,,,,,,,,,,,,,,,,,,,,,,,,,,x,,,,,,,,,,,,,,,,,,,,,,,,x,,,,,,,,,,,,,,,,,,x,,,,,,,,,,,,,,,,,,,,,x,,,,,,x,,,,,,,,,,,,,,,,,,,,x,,x,,,,,,,x,x,,x,,,,,x,,,,,,,,,,,,,,,x,,,,,,,,,,,,,,,,,x,,x,,,,,,,,,,,,,,,,,,,,,,,,,,,,,,,x,,,,,,,,,,,,,,,,,x,,,
https://scripts.njae.me.uk/festive-road-pictures/small/2017/festival-of-giants-2017/19420478_1571289056223208_1856269744830997179_n-small.jpg,,x,,,,x,,,,,,,,,,,,,,,,,,,,,,,,,,,,,,,,,,,,,,,x,,,,,,,x,,,,,,,,,x,,,,,,,,,,,,,,,,,,,,,,,,,,,,x,,,,,,,,,,,,,,x,,,,,,,,x,,,,,,,,,,,,,,,,,,,,,,,,,,,,,,,x,x,,,,,x,,,,,,,,,,,,,x,,,,,,,x,,,,,,,,,,,,x,,x,,,,,,,,,,,,,,,,,,,,,,,,,,,,,,,,,,,,,,,,,,,,,,,,,,,,,,,,,,x,,x,,,,,,,,x,,,,,,,,,,x,,,,,,,x,,,
https://scripts.njae.me.uk/festive-road-pictures/small/2017/festival-of-giants-2017/19420569_1571283129557134_2126723608823927573_n-small.jpg,,,,,,x,,,,,,,,,,,,,,,,,,,,,,,,,,,,,,,,,,,,,,,x,,,,,,,,,,,,,,,,,,,,,,,,,,,,,,,,,,,,,,,,,,,,,,,,,,,,,,,,,,x,,,,,,,,,,,,,,,,,,,,,,,,,,,,,,,x,,,,,,,,x,,,,,,,,,,,,x,,,,,,x,x,,,,,,,x,,,,,,x,,,,,,,,,,,,,,,,,,,,,x,,,,,,,,,,,,,,x,,,,,,,,,,,,,,,,,x,,,,,,,,,,,,,,x,,x,,,,,,x,,,,,,,,,x,,,x,,,,,,,x,,,x
https://scripts.njae.me.uk/festive-road-pictures/small/2017/festival-of-giants-2017/19420590_1053752144760634_3142365460707294592_n-small.jpg,,,,,,x,,,,,,,,,x,,,,,,,,,,,,,,,,x,,,,,,,,,,x,,,,x,,,,,,x,,,,,,,,,,,x,,,,,,,,,,,,,,,,,,,,,,,,,,,x,,,,,,,x,,,,,,,x,,,,,,,,x,,,,,,,,,,,,,,,,,,,,,,,,,,,,,,,,x,,,,,,,,x,,,x,,,,,,,x,,,,,,,x,,,,,,,,,,,,x,,,,,,,,,,,,,,,,,,,,,,,,,,,,,,,,,,,,,,,,,,,,,,x,,,,,,,,,,,,,,,,,,,,,,x,,,,,,,,,,,,,,,,,,,x,,,
https://scripts.njae.me.uk/festive-road-pictures/small/2017/festival-of-giants-2017/19424019_1573437082675072_1053538685425548156_n-small.jpg,,,,,,x,,,,,,,,,,,,,,,,,,,,,,,,,,,,,,,,,,,,,,,,,,,,,,,,,,,x,,,,,,,,,,,,,,,,,,,,,,,,,,,,,,,,,,,,,,,,,,,,,,x,,,,,,,,,,,,,,,,,,,,,,,,,,,,,,,,,,,,,,,x,,,,,,,,,,,,,,,,,x,x,x,,,,,,,x,,,,,,x,,,,,,,,x,,,,,,,,,,,,x,x,,,,,,,,,,,,,,x,,,,,,,,,,,,,,,,,x,,,,,,,,,,x,,,,x,,x,,,,,,x,,,,,,,,,x,,,,,,,,,,,,,x
https://scripts.njae.me.uk/festive-road-pictures/small/2017/festival-of-giants-2017/19424125_771995422982288_1889221161832621113_n-small.jpg,,,,,,x,,,,,,,,,,,,,,,,,,,,,,,,,,,,,,,,,,,x,,x,,,,,,,,,x,,x,,x,,,,,x,,,,,,,,,,,,,,,,,,,,,,,,,,,,x,,,,,,,,,,,,,,,,,,,,,,x,x,,,,,,,,,,,,,,,,,,x,,,,,,,,,,,,x,x,,,,x,,,,,,,,,,,,,,,,,,x,,,x,,,,,,,,,,,,,,x,,,,,,,,,,,,,,,,,,,,,,,,,,,,,,,,,,,,,,,,,,,,,,,,,,,,,,,,,,,,,,,,,,,,x,,,,,,,,,,x,,,,,,,x,,,
https://scripts.njae.me.uk/festive-road-pictures/small/2017/festival-of-giants-2017/19424205_1573391616012952_8260264972658709750_n-small.jpg,,,,,,,,,,,,,,,,,,,,,,,x,,,,,,,,,,,,,,x,x,,,,,,,,,,,,,,x,,,,,,,,,,,,,,,,,,,,,,,,,,,,,x,,,,,,,,x,,,,,,,,,,,,,,x,,,,,,,,,,,,,,,,,,,,,,,,,,,,,,,,,,,,x,,,x,,,,,,x,,,,,,,,,,,,,x,,,,x,,,x,,,,,,,,x,,,,,,,,,,x,x,,,,,,,,,,,,,,,,,,,,,,,,,,,,,,,,,,,,,,x,,,,,,,,,,,,,,,,x,,,,,,,,,x,,,,,,,,,,,x,,,,,,,,,
https://scripts.njae.me.uk/festive-road-pictures/small/2017/festival-of-giants-2017/19424235_1571293586222755_624832493830710928_n-small.jpg,,,,,,x,,,,,,,,,,,,,,,,,,,,,,,,,,,,,,,,,,,x,,x,,x,,,,,,,x,,x,,,,,,,x,,,,,,,,,,,,,,,,,,,,,,,,,,,,x,,,,,,,,,,,,,,x,,,,,,,,x,x,,,,,,,,,,,,,,,,,,,,,,,,,,,,,,x,,,,,,,,,,,,,,,,,,,,,,,x,,,x,,,,,,,,,,,,x,,x,,,,,,,,,,,,,,,,,,,,,,,,,,,,,,,,,,,,,,,,,,x,,,,,,,,,,,,,,,,,,,,,,,,,,x,,,,,,,,,,x,,,,,,,x,,,
https://scripts.njae.me.uk/festive-road-pictures/small/2017/festival-of-giants-2017/19424271_10155798955468912_3425389609817707195_n-small.jpg,,,,,,x,,,,,,,,,x,,,,,,,,,,,,,,,,,,,,,,,,,,,,,,,,,,,,,x,,,,,,,,,,,,,,,,,,,,,,,,,,,,,,,,,,,,,x,,,,,,,,,,,,,,,,,,,x,,,,,,,,,,,,,,,,,,,,,,,,,,,x,,,,,,,x,,,,,,,,,x,,,,,,,,,x,x,,,,,,,x,,,,,,x,,,,,,x,,x,,,,,,,,,,,,x,,,,,,,,,,,,,,,x,,,,,,,,,,,,,,,,,,,,,,,,,,,,,,,x,,x,,,,,,,,,x,,,,,,,,,x,,,,,,,,,,
https://scripts.njae.me.uk/festive-road-pictures/small/2017/festival-of-giants-2017/19424319_10155798956173912_3938315803009801676_n-small.jpg,,,,,,x,,,,,,,,,,,,,,,,,,,,,,,,,,,,,,,,,,,,,,,,,,,,,,,,,,,,,,,x,,,,,,,,,,,,,,,,x,x,,,,,,,,,,,,,,,,,,,,,,,,,x,,,,,,,,,,,,,,,,,,,,,,,,,,,,,,,,,,,,,,,x,,,,,,,,,,,,,,,,,,x,x,,x,,,,,x,,,,,,,,,,,,x,,,,,,x,x,,,,,,,,,,,,,x,,,,,,,,,,,,x,,,,,x,,,,,,,,,,,,,,,,,,,,,,,,x,x,,,,,,,,x,,,,,,,,,,,x,,,,,,,,,
https://scripts.njae.me.uk/festive-road-pictures/small/2017/festival-of-giants-2017/19424324_10155798957553912_2371544872039357145_n-small.jpg,,,,,,x,,,,,,,,,,,,,,,,,,,,,,,,,,,,,,,,,,,,,,,x,,,,,,,,,,,,,,,,,,,,,,,,,,,,,,,,,,,,,,,,x,,,,x,,,,,,,,,,,,,,,,,,,,,,x,,,,,,,,,,,,,,,,,,,,,,,x,x,,,,,,,x,,,,,,,,,,,,,,,,,,x,x,,,,,,,x,,,,,,x,,,,,,x,,,,,,,,,,,,,,,,,,,,,,,,,,,,,,,,,,,,,,,,,,,,,,,,,,,,,,,,,,,,,x,x,,,x,,,x,,x,,,,,,,,,,x,,,,,,,x,,,
https://scripts.njae.me.uk/festive-road-pictures/small/2017/festival-of-giants-2017/19424328_1705994409441127_7491513246025163645_n-small.jpg,,,,,,,,,,,,x,,,,,,,,,,x,,,,,,,x,,,,,,,,,,,,,x,,,,,,,,,x,,,,,,,,,,,,,,,,,,,,,,,,,,,,,,,,,,,,,,,,,,,,,,,,,,,,,,,,,,x,x,,,,,,,,,,,,,,,,,,,,x,,,,,,,,,,,,,,,,,,,,,,,,x,x,,,,x,,x,,x,,,x,,,,,,,,,,,,,,,,x,,,,,,,,,,,,,,,,,x,,,,,,,,,,x,,,,,,,,,,,,,,x,,,x,,,,,,,,,,,,,,,,x,,,,,,,,,,,,,,,,,,,,,,,,,,,,
https://scripts.njae.me.uk/festive-road-pictures/small/2017/festival-of-giants-2017/19424377_1573432509342196_7978315481708033857_n-small.jpg,,,,,,,,,,,,,,,,,,,,,,,,,,,x,,,,,,,,,,,,,,,,,,x,,,,,,,,,,,,,x,,,,,,,,,,,,,,,,,x,,,,,,,,,,x,,,,,,,,,,,,,,,,,,x,,,,x,,x,,,,,,x,,,,,,,,,,,,,,,,,,,x,,,x,,,,,,,,,,,,,,,,,,,,,x,,,x,,,,,x,,x,,,,,,x,,,,,,,,,,,,,,,,,,,,,,,,,,,,,,,,,,,,,,,,,,,,,,,,,,,,,,,,,,,,x,x,,,,,,,,,,x,,,,,,,,,,,,,,,,,,,,,,x,,,
https://scripts.njae.me.uk/festive-road-pictures/small/2017/festival-of-giants-2017/19424407_10155798958723912_5564984031273695238_n-small.jpg,,x,,,,x,,,,,,,,,,,,,,x,,,,,,,,,,,,,,,,,,,,,,,,,x,,,,,,,x,,,,,,,,,,,,,,,x,,,,,,,,,,,,,,,,,,,,,,x,,,,,x,,,,,,,,,,,,,,,,,x,x,,,,,,,,,,,,,,,,,,,,,,,,,,,,,,x,x,,,,x,,,,,,,,,,,,,,,,,,,,,x,,,,,,,,,x,x,,x,,,,,,,,,,,,,,,,,,,,,,,,,,,,,,,,,,,,,,,,,,,,,,,,,,,,x,,,,,,,,,,,,,,,,,,x,,,,,x,,,,,,,,,,,,,,,
https://scripts.njae.me.uk/festive-road-pictures/small/2017/festival-of-giants-2017/19424504_10155798956953912_1523583827644595915_n-small.jpg,,x,,,,x,,,,,,,,,,x,,,,,,,,,,,,,,,,,,,,,,,,,,,,,x,,,,,,,x,,,,,,,,,,,,,,,,,,,,,,,,,,,,,,,,,x,,,,x,,,,,,,,,,,,,,x,x,,,,,,,x,x,,,,,,,,,,,,,,,,,,,,,,,,,,,,,,x,x,,,,,x,,,,,,,,,,,,,,,,,,,,x,,,,,,,,,x,x,,x,,,,,,,,,,,,,,,,,,,,,,,,,,,,,,,,,,,,,,,,,,,,,,,,,,x,,,,,,,,,,,,,,,,,,,,,,,,,,,,,,,,,,,,,x,,,
https://scripts.njae.me.uk/festive-road-pictures/small/2017/festival-of-giants-2017/19424564_772506176264546_3660700559467241556_n-small.jpg,,,,,,x,,,,,,,,,,,,,,,,,,,,,,,,,,,,,,,,,,,x,,x,,x,,,,,,,,,x,,x,,,,x,,,,,,,,,,,,,,,,,,,x,,,,,,,,,,x,,,,,,,,,,,,,,x,,,,,,,,x,,,,,,,,,,,,,,,,,,,,,,,,,,,,,,,x,x,,,,,,,,x,,,,,,,,,,,,,,x,,,x,x,,,,,,,,,,,,,x,,,,,,,,,,,,,,,,,,,,,,,,,,,,,,,,,,,,,,,,,,,,,,,,,,,,,,,,,,,,,,,,,,,,,,,,,,,,,,x,,,,,,,x,,,
https://scripts.njae.me.uk/festive-road-pictures/small/2017/festival-of-giants-2017/19429739_10155798958088912_3127922090997126309_n-small.jpg,,x,,,,x,,,,,,,,,,,,,,,,,,,,,,,,,,,,,,,,,,,x,,,,x,,,,,,,x,,,,x,,,,,,,,,,,,,,,,,,,x,,,,x,,,,,,,,,,x,,,,,x,,,,,,,,,x,,,,,,,,x,x,,,,,,,,,,,,,,,,,,,,,,,,,,,,,,x,x,,,,,,,,,,,,,,,,,,,,,,x,,,x,x,,,,,,,,,,,,,x,,,,,,,,,,,,,,,,,,,,,,,,,,,,,,,,,,,,,,,,,,,,,,,,,,,,,,,,,,,,,,,,,,,,,,,,,,,,,,,,,,,,,x,,,
https://scripts.njae.me.uk/festive-road-pictures/small/2017/festival-of-giants-2017/19429769_1571274052891375_4453574939837752686_n-small.jpg,,,,,,x,,,x,,,,,,,,,,,,,,,,x,,,,,,,,,,,,,,x,,,,,,,,,,,,,,,,,,,,,,,,,,x,,,,,,,,,,,,,,,,,,,,,,,,x,,,,,,,,,,,,,,,,,,,,,,,,,,,,,,,,,x,,,x,,,,,,,,,,,,,x,,,x,x,,,x,x,,,,,,,,,,,,,,x,x,,,,,,,x,,,,,,,,,,,,,,,x,,,,,,,,,,,,,,,,,,,,,,,,,,,,,,,,,,,,,,,,,,,,,,,,,,,,,,,,,,,,,,x,,,,,x,,,,,,,,,,,,,,,,,x,,,
https://scripts.njae.me.uk/festive-road-pictures/small/2017/festival-of-giants-2017/19429779_10155798958463912_4315042086919907103_n-small.jpg,,,,,,x,,,,,,,,x,,,,,,x,,,,,,,,,,,,x,,,,,,,,,,,,,,,,,,,,,,,,,,,,,x,,,,,,,,,,,,,,,,x,,,,,,,,,,,,,,,,,,,,,,,,,,,,,,,,,,,,x,,,,,,,,,,,x,,,,,,,,,,,,,,,,,,x,,,,,x,,,,,,,,,,x,,,x,x,,,,,,,x,,,,,,,,,,,,,,,,,,,,,,,,,,,,,,,,,,,,,,,,,,,,,x,,,,,,,,,,,,,,,,,,,,,,,,,,,,,,,,,,x,,,x,,,,,x,,,,x,x,,,,,,,,,,
https://scripts.njae.me.uk/festive-road-pictures/small/2017/festival-of-giants-2017/19429856_1571280372890743_6712737082568706574_n-small.jpg,,x,,,,,,,,,,,,,,,x,,,,,,,,,,,,,,,,,,,,,,,,x,,,,x,,,,,,,x,,,,x,,,,,,,,,,,,,,,,,,,,,,,,,,,,,,,,,x,,,,,x,,,,,,x,,,x,x,x,,,,,,x,x,,,,,,,,,,,,,,,,,,,,,,,,,,,,,,x,x,,,,,,,,,,,,,,,,,,,,,,,,,x,,,,,,,,,,,,,,,,,,,,,,,,,,,,,,,,,,,,,,,,,,,x,,,,,,x,,x,,,,,,,,,,,,,,,,,,,,,,,,,,,,,,,,,,,,,,,,,,,,,,,,,,,
https://scripts.njae.me.uk/festive-road-pictures/small/2017/festival-of-giants-2017/19430029_1705994372774464_5893453405922116623_n-small.jpg,,,,,,x,,,,,,,,,x,,,,,,,x,,,,,,,,,,,,,,,,,,,,,,,,,,,,,x,,,,,,,,,,,,,,,,,,,,,,,,,,,,,,,,,,,,,,,,,,,,,,,,,,x,,,,,,x,,x,,,,,,,,,,,,,,x,,,,,,,,,,,,,,,,,,,x,,,,,,,,,,,,x,x,,,,,x,x,,,,,,,x,,,,,,x,,,,,,,,x,,,,,,,,,,,,,,,,,,,,,,,,,,,x,,,,,,,,,,,,,,,,,x,,,,,,,,,,,,,,,,x,,,,,,,,,,,,,,,,,,,,,,,,,x,,,
https://scripts.njae.me.uk/festive-road-pictures/small/2017/festival-of-giants-2017/19430052_10155799267828912_5863245353196954312_n-small.jpg,,x,,,x,x,,,,,,,,,,,,x,,,,,,,,,,,,,,,,,,,,,,,x,,,,x,,,,,,,x,,,,,,,,,,,,,,,,,,,,,,,,,,,,,,,,,,,,,x,,,,,,,,,,,,,,x,,,,,,,,x,x,,,,,,,,,,,,,,,,,,,,,,x,,,,,,,,x,x,,,,,x,,,,,,,,,,,,,,,,,x,,,x,,,,,,,,,,,,x,,,,,,,,,,,,,,,,,,,,,,,,,,,,,,,,,,,,,,,,,,,,,,,,,,,,,,,,,,,,,,,,,,,,,,x,,,,,,,,,,,,,,,,,x,,,
https://scripts.njae.me.uk/festive-road-pictures/small/2017/festival-of-giants-2017/19430152_10155798958313912_4328821715944428907_n-small.jpg,,,,,,x,,,,,,,,,,,x,,,,,,,,,,,,,,,,,,,,,,,,,,,,x,,x,,,,,x,x,,,x,,,,,,,,,,,,,,,,,,,,,,,,,,,,,,,,,x,,,,,,,,,,,,,,,,,,,,,,x,x,,,,,,,,,,,,,,,,,,,,,,,,,,,,,,x,x,,,,,,,,x,,,,,,,,,,,,,,,,,x,x,,,,,,,,,x,,x,,,,,,,,,,,,,,,,,,,,,,,,,,,,,,,,,,,,x,,,,,,,,,,,,,,,,,,,,,,,,,,,,,,,,,,x,,,,,,,,,,,,,,,,,x,,,
https://scripts.njae.me.uk/festive-road-pictures/small/2017/festival-of-giants-2017/19430182_10155798958823912_187342676077900360_n-small.jpg,,,,,,x,,,,,,,,,,,,,,,,,,,,,,,,,,,,,,,,,,,x,,x,,x,,x,,,,,x,,,,x,,,,,,,,,,,x,,,,,,,,,,,,,,,,,,,,,,x,,,,,x,,,,,,,,,,,,,,,,,x,,,,,,,,,,,,,,,,,,,x,,,,,,,,,,,,x,x,,,,,,,,,,,,,,,,,,,,,,,,,x,,,,,,,,,,,x,,,x,,,,,,,,,,,,,,,,,,,,,,,,,,,,,,,,,,,,,,,,,,x,,,,,,,,x,,,,,,,,,,,,,,,,,,,,,,,,,,,,,,,,,,,x,,,
https://scripts.njae.me.uk/festive-road-pictures/small/2017/festival-of-giants-2017/19437415_1573388159346631_2698917706983867374_n-small.jpg,,,,,,x,,,,,,,,,,,,,,,,,,,,,,,,,,,,,,,,,,x,,,,,x,,,,,,,x,,x,,,,,,,,,,,,,,,,,,,,,,,,,,,,,,,,,,,x,,,,,,,,,,,,,,,,,,,,,,x,,,,,,,,,,,,,,,,,,,,,,,,,,,,,,,x,,,,,x,,,,,,,,,,,,,x,x,,,,,,,x,,,,,,,,,,,,x,,,,,,,,,,,,,,,,,,,,,,,,,,,,,,,,,,,,,,,,,,,,,,,,x,,,,,,,,,,,,x,,,,,x,,,,,,,,,,x,,,,x,x,,,,,,,x,,,
https://scripts.njae.me.uk/festive-road-pictures/small/2017/festival-of-giants-2017/19437473_10155799228743912_6273262479233142529_n-small.jpg,,,,,,x,,,,,,,,,,,,,,,,,,,,,,,,,,,,,,,,,,,x,,x,,x,,x,,,,,x,,x,,x,,,,,,,,,,,,,,,,,,,,,,,,,,,,,,,,,x,,,,,,,,,,,,,,x,,,,,,,,x,,,,,,,,,,,,,,,,,,,,,,,,,,,,,,,x,x,,,,,,,,,,,,,,,,,,,,,,x,,,x,,,,,,,,,,x,,x,,x,,,,,,,,,,,,,,,,,,,,,,,,,,,,,,,,,,,,,,,,,,,,,,,,,,,,,,,,,,,,,,,,,,,,,,,,,,,,,,x,,,,,,,x,,,
https://scripts.njae.me.uk/festive-road-pictures/small/2017/festival-of-giants-2017/19437526_10155798956833912_5688226924157518872_n-small.jpg,,,,,,,,,,,,x,,,x,,,,,,,,,,,,,,x,,,,,,,,,,,,,,,,x,,x,,,,x,,,,,,x,,,,x,x,,,,,,,,,,,,,,,,,,,,,,,,,,,x,,,,,,,,,,,,,,,,,,,,,,x,,,,,,,,,,,,,,,,,,,,,,,,,,,,,,,,,,,,,,,,,,,,x,,,,,,x,,,x,,,,x,,,,,,,,,,,,,,x,,,,,,,,,,,,,,,,,,,,,,,,,,,,,,,,,,,,,,,,,,,x,,,,,,,,,,,x,,,,x,,x,,,,,,,,,,,,,,,,,,,,,,,,,,,,
https://scripts.njae.me.uk/festive-road-pictures/small/2017/festival-of-giants-2017/19437528_10155799005298912_675600289145401988_n-small.jpg,,,,,,x,,,,,,,,,,,,,,,,,,,,,,,,,,,,,,,,,,,,,x,,x,,x,,,,,x,,,,x,,,,,,,,,,,,,,,,,,,,,,,,,,,,,,,,,x,,,,,,,,,,,,,,,,,,,,,,x,x,,,,,,,,,,,,,,,,,,,,,,,,,,,,,,x,x,,,,,,,,,,,,,,,,,,,,,,,,,x,x,,,,,,,,,x,,x,,x,,,,,,,,,,,,,,,,,,,,,,,,,,,,,,,,,,x,,,,,,,,,,,,,,,,,,,,,x,,,,,,,,,,,,,x,,,,,,,,,,,,,,,,,x,,,
https://scripts.njae.me.uk/festive-road-pictures/small/2017/festival-of-giants-2017/19437582_1573395452679235_145479614976715724_n-small.jpg,,,,,,,,,,,,,,,,,,,,,,,,,,,x,,,,,,,,,,,,,,,,,,x,,,,,,,x,,,,,,,,x,,,,,,,,,,,x,,,,x,,,,,,,,,,,,,,x,,,,,,,,,,,,,,x,,,,x,,,,x,,,,,,,,,,,,,,,,,,,,,,,,,,,,,,,x,x,,,,,x,,,,,,,,,,,,,x,,,,,,,x,x,,,,,,,,,,,x,,,,,,,,,,,,,x,,,,,,,,,,,,,,,,,,,,,,,,,,,,,,,,,,,,,,,,,,,,,,,,,,,,,,,,,,,,,,,,,,,x,,,,,,,x,,,
https://scripts.njae.me.uk/festive-road-pictures/small/2017/festival-of-giants-2017/19437610_10155798957428912_429750075337489019_n-small.jpg,,,,,,x,,,,,,,,,,,,,,,,,,,,,x,,,,,x,,,,,,,,,,,,,x,,,,,,,,,,,,,,,,x,,,,,,,,,,x,,,,x,,,,,,,,,,x,,,,x,,,,,,,,,,,,,,,,,,,,,,x,,,,,,,,x,,,,,,,,x,,,x,,,,,,,,,,,,x,,,,,,,,,,,,,,,,,,,,,,,,,,x,,,,,,,,,,,,x,,,,,,,,,,,,,,,,,,,,,,,,,,,,,,,,,,,,,,,,,,,,,,,,,,,,x,,,,,,,,,,,,,,,,,,x,,,,,,,,,,x,,,,,,,x,,,
https://scripts.njae.me.uk/festive-road-pictures/small/2017/festival-of-giants-2017/19437640_10155798955613912_1644562527231893945_n-small.jpg,,,,,,,,,,x,,,,,,,,,,,,x,,,,,,x,,,,,,,,,,,,,,,,,,,,,x,x,x,,,,,,,,,,,,,x,,,,,,,,,,,,,,,,,,,,,,,,,,,,,,,x,,,,,,,,,,,,,,,,,,,,,,,x,,,,,,,,,,,,x,,,,,,,,,,,,,,,,,,,,,,,,x,x,,,,,x,x,,,,,,,,,,,,,,,,,,,,,,,,,,,,,,,,,,,,,x,,,,,,,,,,,x,x,,,,,,,,,,,,,,,,,,,x,,,,,,,,,,,,,,,,,,,,,,,,,,,,,,,,,,,x,,x,,,,
https://scripts.njae.me.uk/festive-road-pictures/small/2017/festival-of-giants-2017/19437658_1571279362890844_808314517868905003_n-small.jpg,,,,,,x,,,,,,,,,,,,,,,,,,,,,,,,,,,,,,,,,,,,,,,x,,,,,,,x,,,,,,,,,,,,,,,,,,,,,,,x,,,,,,,,,,,,,,x,,,,,,,,,,,,,,x,,,,x,,,,,,,,,,,,,,,,,,,,,,,,,,,x,,x,,,,,,x,,,,,,,,,,,,,,,,,,,x,,x,,,,,x,,x,,,,,,,,,,x,,,,,,,,,,,,,,,,,,,,,,,,,,,,,x,,,,,,,,,,,,,,,,,x,,,,,,,,,,,,,,,,x,,,,,,,,,,,,,,,,,,,,,,,,,x,,,x
https://scripts.njae.me.uk/festive-road-pictures/small/2017/festival-of-giants-2017/19437705_10155798957358912_5963574770412713903_n-small.jpg,,,,,,x,,,,,,,,,,x,,,,,,,,,,,,,,,,,,,,,,,,,,,,,x,,x,,,,,x,,,,,,,,,,,,,,,,,,,x,,,,x,,,,,,,,,,x,,,,x,,,,,,,,,,,,,,x,,,,,,,,x,x,,,,,,,,,,,,,,,,,,,,,,,,,,,,,,x,x,,,,,x,,,,,,,,,,,,,,,,,,,,x,,,,,,x,,,,,,x,,,,,,,,,,,,,,,,,,,,,,,,,,,,,,,,,,,,,,,,,,,,,,,,,,,,,,,,,,,,,,,,,,,,,,,,,,,,,,,,x,,,,,,,x,,,
https://scripts.njae.me.uk/festive-road-pictures/small/2017/festival-of-giants-2017/19510113_10155798958648912_2145681782397167106_n-small.jpg,,,,,,x,,,,,,,,,,,,,,,,,,,,,,,,,,,,,,,,,,,x,,x,,,,,,,,,,,x,,x,,,,,,,,,,,,,,,,,,,,,,,x,,,,,,x,,,,x,,,,,x,,,,,,,,,,,,,,,,,x,,,,,,,,,,,,,,,,,,,,,,,,,,,,,,,x,x,,,,,,,,x,,,,,,,,,,,,,,x,,,x,x,,,,,,,,,,,,,x,,,,,,,x,,,,,,,,,,,,,,,,,,,,,,,,,,,,,,,,,,,,,,,,,,,,,,,,,,,,,,,,,,,,,,,,,,,,,,,x,,,,,,,x,,,
https://scripts.njae.me.uk/festive-road-pictures/small/2017/festival-of-giants-2017/19510200_1573395996012514_4071076384785125007_n-small.jpg,x,,,,,x,,,,,,,,x,,x,,,,x,,,,,,,,,,,,,,,,,,,,,,,,,,,,,,,,x,,,,,,,,,,,,,,,,,,,,,,,,,,,,x,,,,,,,,,,,,,,,,,,,,,,,,,,,,,x,,,,,,,,,,,,,,,,,,,,,,,,,,,,,,,,,x,,,,,x,,,,,,,,,,,,,,x,,,,,,,x,,,,,x,x,,,x,x,,,,,,,,,,,,x,,,,,,,,,,,,,,,,,,,,,,,,,,,x,,x,,,,,,,,,,,,,,,,,,,,,,,,,,,,,,,,,,,,,,,,x,,,,,,,,,,,
https://scripts.njae.me.uk/festive-road-pictures/small/2017/festival-of-giants-2017/19510212_1571290802889700_4296536434837205251_n-small.jpg,,,,,,x,,,,,,,,,,,,,,x,,,,,,,,,,,,,,,,,,,,,,,,,x,,,,,,,x,,,,,,,,,,,,,,,x,,,,x,,x,,,,,,,,,,,,x,,,,,,,,,,,,,,,x,,,x,,,,,,x,,x,,,,,,,,,,,,,,,,,,,x,,,,,,,,,,,,x,,,,,,,,,,,,,,,,,,,x,,,,,,,x,,,,,,,,,,,,x,,,,,,,,,,,,,,,,,,,,,,,,,,,,,,,x,,,,,,,,,,,,,,,,,,,,,,,,,,,,,,,,,,,,,,,,,,,,x,,,,,,,,,,,,x,,,
https://scripts.njae.me.uk/festive-road-pictures/small/2017/festival-of-giants-2017/19510353_1573410296011084_2234628259224088290_n-small.jpg,,,,,,x,,,,,,,,,,,,,,,,,,,,,x,,,,,,,,,,,,,,,,,,x,,,,,,,,,,,,,,,,x,,,,,,,,,,,,,,,,,,,,,,,,x,,,,x,,,,,,,,,,,,,,x,x,,,x,,,,,,,,,,,,,,,,,,,,,,,,,,,,,,,,,,,x,,,,,,,,,,,,,,,,,,,x,,,,,,,x,,,,x,,,,,,,,x,,,,,,,,,,,,,,,,,,,,,,,,,,,,,,,,,,x,,,,,,,,,,,,,,,,,,x,,x,,,,,,,,,,,x,,,,,,,,,,,,,,,x,,,,,,,x,,,
https://scripts.njae.me.uk/festive-road-pictures/small/2017/festival-of-giants-2017/19510359_10155798957658912_5330532059947958529_n-small.jpg,,,,,,x,,,,,,,,,,,,,,,,,,,,,,,,,,,,,,,,,,,x,,x,,,,,,,,,x,,,,,,,,,,,,,,,x,,,,,,,,,,,,x,,,,,,,,,,x,,,,,,,,,,,,,,,,,,,,,,,,,,,,,,,,,,,,,,,,,,,,,,,,,,,,,x,,,,,,,x,,x,,,,,,,,,,x,,,,,,,x,x,,,,,x,,,,,x,,,,,,,,,,,,,,,,,,,,,,,,,,,,,,,,,,,,,,,,,x,,,,,,,,,,,,x,x,,,,,,,,,,,,,,,,,,,,,,,,,,,x,,,,,,,x,,,
https://scripts.njae.me.uk/festive-road-pictures/small/2017/festival-of-giants-2017/19510388_10155798957698912_2438415644830278694_n-small.jpg,,,,,,x,x,,,,,,,,,,,,,,,,,,,,,,,,,,,,,,,,,,,,,,x,,,,,,,x,,,,,,,,,,,,,,,,,,,,,,,x,,,,,,,,,,,,,,,,,,,,,,,,,,,,x,,,,,,,,,,,,,,,,,,,,,,,,,,,,,,,x,,x,,,,,,x,,,,,,,,,,,,,,,,,,,x,,,,,,,x,,,,,,,,,,,,x,,,,,,,,,,,,,,,,,,,,,,,,,,,,,x,,,,,,,,,,,,,,,,,x,,,,,,,,,,,,,,,,x,,,,,,x,,x,,,,,,,x,,,,,,,,,,x,,,x
https://scripts.njae.me.uk/festive-road-pictures/small/2017/festival-of-giants-2017/19510393_1571277749557672_5565986862522979486_n-small.jpg,,,,,,x,,,,,,,,,,,,,,,,,,,,,,,,,,,,,,,,,,,x,,,,,,,,,,,x,,x,,,,,,,,,,,,,,,,,,,,,,,,,,,,,,,,,,,x,,,,,x,,,,,,,,,,,,,,,,,x,,,,,,,,,,,,,,,,,,,,,,,,x,,,,,,,x,,,,,x,,,,x,,,,,,,,,,,,,,x,,,x,,,,,,x,,,,,,,,x,,,,,,,,,,,,,,,,,,,,,,,,,,,,,,,,,,,,,,,,,,,,,,,,,,,,,,,,,,,,,,,x,,,,,,x,,,,x,,,,,x,,,,,,,x,,,
https://scripts.njae.me.uk/festive-road-pictures/small/2017/festival-of-giants-2017/19510521_10155799101758912_6875999084964397257_n-small.jpg,,,,,,x,,,,,,,,,,,,,,,,,,,,,,,,,,,,,,,,,,,,,x,,x,,x,,,,,x,,,,,,,,,,,,,,,,,,,,,,,,,,,,,,,,,,,,,x,,,,,,,,,,,,,,x,,,,,,,,x,,,,,,,,,,,,,,,,,,,x,,,,,,,,,,,,x,x,,,,,,,,,,,,,,,,,,x,,,,,,,x,x,,,,,,,,,,,x,,x,,,,,,,,,,,,,,,,,,,,,,,,,,,,,,,,,,,,,,,,,,,,,,,,,,x,,,,,,,,,,x,,,,x,,,,,,,,,,,,,,,,,,,,,x,,,
https://scripts.njae.me.uk/festive-road-pictures/small/2017/festival-of-giants-2017/19510634_1705994362774465_5617632384545759425_n-small.jpg,,,,,,,,,,,,,,,x,,,,,,,x,,,,,,,,,,,,,,,,,,,,,,,x,,,,,,x,,,,,,,,,,,,x,,,,,,,,,,,,,,,,,,,,,,,,,,,,,,,,,,,,,,,,,,,,,,x,,,,,,,,,,,,,,,,,,,,,x,,,,,,,,,,,,,,,,,,,,,,,,x,x,,,,x,,x,,,,,x,,x,,,,,,,,,,,,,,,,x,,,,,,,,,,,,,,,,,,,,,,,,,x,,,,,,,,,,,,,,,,,x,,,,,,,,,,,,,,x,,x,,,,,,,,,,,x,,,,,,,,,,,,,,x,,,
https://scripts.njae.me.uk/festive-road-pictures/small/2017/festival-of-giants-2017/19510639_1573415962677184_3692810155094307706_n-small.jpg,,,,,,x,,,,,,,,,,,,,,,,,,,,,,,,,,,,,,,,,,,,,,,x,,x,,,,,x,,,,,,,x,,,,,,,,,,,,,,,,,,,,,,,,,,,,,,x,,,,,,,,,,,,,,,,,,,,,,x,x,,,,,,,,,,,,,,,,,,,,,,,,,,,,,,x,,,,,,,,,,,,,,,,,,,,,,,,,,x,,,,,,,,,x,,,x,,,,,,x,,,,,,,,,,,,,,x,,,,,,,,,,,,,,,,,,,,,,,,,x,,,,,,,,,,,,,,,,x,x,,,,,,,,x,,,,,,,,,,,x,,,,,,x,,,
https://scripts.njae.me.uk/festive-road-pictures/small/2017/festival-of-giants-2017/19510650_10155798955568912_1902237985037190820_n-small.jpg,,,,,,x,,,,,,,,,,,,,,,,,,,,,,,,,,,,,,,,,,,x,,,,x,,,,,,,x,,x,,,,,,,,,,,,,,,,,,,,,,,,,x,,,,,,x,,,,x,,,,,,,,,,,,,,x,,,,x,,,,x,,,,,,,,,,,,,,,,,,,,,,,,,,,,,,,x,,,,,,,,,,,x,,,,,,,,,,,,,,,x,,x,,,,x,,,,x,,x,,,,,,,,,,,,,,,,,,,,,,,,,,,,,,,,,,,,,x,,,,,,,,,,,,,,,,,,,,,,,,,,,,,,,,,,,,,,,,,,,,,,,,,,x,,,
https://scripts.njae.me.uk/festive-road-pictures/small/2017/festival-of-giants-2017/19510669_10155798955573912_8710477419727495469_n-small.jpg,,,,,,x,,,,,,,x,x,,,,,,,,,,,,,,,,,,,,,,,,,,,,,,,,,,,,,,,,,,,,,,,,,,,,,,,,,,,,,,,,,,,,,,,,,,,,,,,,,,,,,,,,,,,,,,,,,,,,,,,,,,,,,,,,,,,,,,,,,,,,,,,,x,,,,,x,,,,,,,,,,,,,x,x,,,,,,,x,,,,,,x,,,,,,,,,,,,,,,,,,,,,,,,,,,,,,,,,,x,,,,,x,,,,,,,,,,,,,,,x,,,,,,,,,,,,,,x,,,x,,,,,,x,,,,x,x,,,x,x,,,,,,,x,,,
https://scripts.njae.me.uk/festive-road-pictures/small/2017/festival-of-giants-2017/19510672_1573400236012090_8102297862107478929_n-small.jpg,,,,,,x,,,,,,,,,,,,,,,,,,,,,,,,,,,,,,,,,,,x,,x,,,,,,,,,,,,,,,,,,,,,,,,,,,,,,,,,,,,,,,,,,,,,,x,,,,,,,,,,,,,,x,,,,,,,,x,,,,,,,,,,,,,,,,,,,x,,,,x,,,,,,,,x,,,,,x,,,,,,,,,,,,,,x,,,,,,,x,,,,,,,,,,,,x,,,,,,,,,,,,,,,,,,,,,,,,,,,,,x,,,,,,,,,,,,,,,,,,,,,,,,,,,,,,,,,x,,,x,,,x,,x,,,,,,,,,,x,,,,,,,x,,,
https://scripts.njae.me.uk/festive-road-pictures/small/2017/festival-of-giants-2017/19511116_10155798959223912_4123016736989583177_n-small.jpg,,,,,,,,,,,,,,,,,,,,,,,,,,,,,,,,,,,,x,,,,,x,,x,,,,,,,,,x,,x,,x,,,,,,,,,,,,,,x,,,,,,x,,,x,,x,,,,,,,,x,,,,,x,,,,,,,,,x,,,,,,,,x,,,,,,,,,,,,,,,,,,,,,,,,,,,,,,,,x,,,,,,,,,,,,,,,,,,,,,,x,,x,x,x,,,,,,,,,,,,,,,,,,,,,,,,,,,,,,,,,,,,,,,,,,,,,,,,,,,,,,,,,,,,,,,x,,,,,,,,,,,,,,,,,,,,,,,,,,,,,,,,,,,,,,
https://scripts.njae.me.uk/festive-road-pictures/small/2017/festival-of-giants-2017/19511164_1573390149346432_613811518815406945_n-small.jpg,,,,,,x,,,,,,,,,,,,,,x,,,,,,,,,,,,,,,,,,,,,x,,x,,x,,,,,,,,,,,,,,,,,,,,,,,,,,,,,,,,,,,,,,,,x,,,,x,,,,,,,,,,,,,,x,,,,x,,,,x,,,,,,,,,,,,,,,,,,,,,,,,,,,,,,,x,,,,,,,,,x,,,,,,,,,,x,,,,,,,x,,,,,,x,,,,,x,x,,x,,,,,,,,,,,,,,,,,,,,,,,,,,,,,,,,,,,,,,,,,,,,,,,,,,,,,,,,,,,,,,,,,,,,,,,,,,,,,,x,,,,,,,x,,,
https://scripts.njae.me.uk/festive-road-pictures/small/2017/festival-of-giants-2017/19511179_10155798957178912_6340658399839018043_n-small.jpg,,x,,,,x,,,,,,,,,,,,,,,,,,,,,,,,,,,,,,,,,,,,,,,x,,,,,,,x,,,,x,,,,,x,,,,,,x,,,,,,,,,,,,,,,,,,,,,,x,,,,,,,,,,,,,,,,,,,,,,x,,,,,,,,,,,,,,,,,,,x,,,,,,,,,,,,x,x,,,,x,,,,,,,,,,x,,,,,,,,,,,x,,,,,x,,,,,,,x,,,,,,x,,,,,,,,,,,,,,,,,,,,,,,,,,,,,,,,,,,,,,,,,,,,,,,,,,,,,,,,,,,,,,,,x,,,,,,,,,,,,,,,,,x,,,
https://scripts.njae.me.uk/festive-road-pictures/small/2017/festival-of-giants-2017/19511325_10155798959023912_7703130560370759636_n-small.jpg,,,,,,x,,,,,,,,,,,,,,,,,,,,,,,,,,,,,,x,,,,,,,,,x,,,,,,x,x,,,,,,,,,,,,,,,,,,,,,,,,,,,,,,,,,,,,,x,,,,,,,,,,,,,,x,,,,,,,,x,,,,,,,,,,,,,,,,,,,x,,,,x,,,,,,,,x,x,,,,,,,,x,,,,,,,,,x,x,,,,x,,,x,,,,,,,,,,,,x,,x,,,,,,,,,,,,,,,,,,,,,,,,,,,,,,,,,,,,,,,,,,,,,,,,,,,,,,,,,,,,,,,,,,,,,,,,,,,,,,,,,,,,,x,,,
https://scripts.njae.me.uk/festive-road-pictures/small/2017/festival-of-giants-2017/19511339_1573438162674964_7516442402484099486_n-small.jpg,,,,,,x,,,,,,,,,,,,,,,,,,,,,,,,,,,,,,,,,,,x,,,,x,,,,,,,,,x,,,,,,,,,,,,,,,,,,,,,,,,,,,,,,,x,,,,x,,,,,,,,,,,,,x,x,,,,x,,,,x,x,,,,,,,,,,,,,,,,,,,,,,,,x,,,,,,x,x,,,,,,,,,,,,,,,,,,x,,,,,,,x,,,,,,,,,,,,,,,,,,,,,,,,,,,,,,,,,,,,,,,,,,,,,,,,,,,,,,,,,,x,,,,,,x,,,,,,,,,,,,,,,,,,,,,,,,,,,,x,,,,,,,x,,,
https://scripts.njae.me.uk/festive-road-pictures/small/2017/festival-of-giants-2017/19511350_10155798957363912_7098268587622149818_n-small.jpg,,,,,,x,,,,,,,,,,,,,,,,,,,,,x,,,,,,,,,,,,,,,,,,x,,,,,,,,,,,,,,,,,,,,,,,,,,,,,,x,,,,,,,,,,x,,,,x,,,,,,,,,,,,,x,x,,,,x,,,,x,,,,x,,,,,,,,,,,,,,,,,,,,,,,,,,x,x,,,,,,,,,,,,,,,,x,,,,,,,,,,x,,,,,,,,,,,,x,,,,,,,,,,,,,,,,,,,,,,,,,,,,,,,,,,,,,,,,,,,,,,,,,,,,,,x,,,,,,,,,,,x,,,,,,,,,,,,,,,x,,,,,,,x,,,
https://scripts.njae.me.uk/festive-road-pictures/small/2017/festival-of-giants-2017/19511398_10155798959278912_1200800021929273562_n-small.jpg,,,,,,x,,,,,,,,,,,,,,,,,,,,,,,,,,,x,x,,,,,,,,,,,x,,,,,,,,,x,,,,,,,,,,,,,,,x,,,,,,,,,,,,,,,,x,,,,x,,,,,,,,,,,,,,,,,,,,,,x,x,,,,,,,,,,,,,,x,,,,,,,,,,,,,,,,x,,,,,x,,,,x,,,,,,,,,,,,,,,,,x,x,,x,,,,,,,,,x,,,,,,,,,,,,,,,,,,,,,,,,,,,,,,,,,,,,,,,,,,,,,,,,,,,,x,,,,,,,,,,,,,,,,,,,,,,,,,,,,,,,,,,,x,,,
https://scripts.njae.me.uk/festive-road-pictures/small/2017/festival-of-giants-2017/19511458_1571272209558226_4111925194382979813_n-small.jpg,,,,,,,,,,,,,,,,,,,,,,x,,x,,,,x,,,,,,,,,,,,,,,,,,,,,x,,x,,,,,,,,,,,,,,,,,,,,,,,x,,,x,,,,,,,x,,,,,,,,,,,,,,,,,x,,x,,,,,,x,,,,,,,,,,,,,,,,,,,,,x,,,,,,,,,,,,,,,,,,,,,,,,x,x,,,,,,x,,,,,,,,,,,,,,,,,,,,,,,,,,,,,,,,,,,,,,,,,,,,,,,,x,,,,,,,,,,,,,,,,,x,x,,,,,,,,,,,,,,,x,,,,,,,,,,,,,,,,,,,,,,x,,,,,,
https://scripts.njae.me.uk/festive-road-pictures/small/2017/festival-of-giants-2017/19554059_10155798989908912_5945347397134650986_n-small.jpg,,,,,,x,,,,,,,,,,,,,,,,,,,,,,,,,,,,,,,,,,,,,,,x,,,,,,,x,,,,,,,,,,,,,,,,,,,,,,,,,,,x,,,,,,x,,,,x,,,,,,,,,,,,,,x,,,,,,,,x,x,,,,,,,,,,,,,,,,,,,,,,,,,,,,,,x,,,,,,x,,,,,,,,,,,,,,,,,,,,x,x,,,,,,,,x,x,,x,,,,,,,,,,x,,,,,,,,,,,,,,,,,,,,,,,,,,,x,,,,,,,x,,,,,,,,,,,,,,,,,,,,,,,,,,,,,,,,,,,,,,,,,,,x,,,
https://scripts.njae.me.uk/festive-road-pictures/small/2017/festival-of-giants-2017/19554131_10155799267783912_1394836949494253709_n-small.jpg,,,,,,x,,,,,,,,,,,,x,,,,,,,,,,,,,,,,,,,,,,,x,,,,x,,,,,,,x,,x,,,,,,x,,,,,,,x,,,,,,,,,,,,,,,,,,,,,,x,,x,,,,,,,,,,,,x,,,,,,,,x,,,,,,,,,,,,,,,,,,,,,,,,,,,,,,,,,,,,,,,,x,,,,,,,,,,,,,,x,,,x,x,,,,,,,,,,,x,,x,,,,,,,,,,,,,,,,,,,,,,,,,,,,,,,,,,,,,,,,,,,,,,,,,,,,,,,,,,,,,,,,,,,,,,,,,,,,,,x,,,,,,,x,,,
https://scripts.njae.me.uk/festive-road-pictures/small/2017/festival-of-giants-2017/19554152_10155798958968912_1880034254410958686_n-small.jpg,,,,,,,,,,,,,,,,,,,,,,,,,,,,,,x,,,,,,,,,,,,,,,,,,,,,,,,,,,,,,,,,,,,,,,,,,,,,,,,x,,,,,,,,,,,,,,,,,,,,,,,,,x,,,x,,,x,,,,,,,,,,,,,,,,,,,,,,x,,,x,,,,,,x,,,,,,,,,,,,,,x,x,,,,,x,x,,x,,,x,,,,,,,,,,,,,,x,x,,,,,,,,,,,,,,,,,,,,,,,,,,,,,,,,,,,,,,,,,,,,,x,,,,,x,,,,,,,,,,,,,,,,,,,x,,,,,,,,,,,,,,,,,,x,,
https://scripts.njae.me.uk/festive-road-pictures/small/2017/festival-of-giants-2017/19554206_10155798955983912_7798206033688666786_n-small.jpg,,,,,,x,,,,,,,,,,,,,,,,,,,,,,,,,,,,,,,,,,,x,,,,x,,,,,,,x,,,,x,,,,,,,,,,,,,,,x,,x,,,,,,,,,,,,x,,,,x,,,,,x,,,,,,,,,,,,,,,,,x,,,,,,,,,,,,,,,,,,,,,,,,,,,,,,,x,x,,,,,x,,,,,,,,,,,,,,,,,,,,x,,,,,,,,,,x,,,,x,,,,,,,,,,,,,,,,,,,,,,,,,,,,,,,,,,x,,,,,,,,,,,,,,,,,,,,,,,,,,,,,,,,,,x,,,,,,,,,,,,,,,,,x,,,
https://scripts.njae.me.uk/festive-road-pictures/small/2017/festival-of-giants-2017/19554210_10155798955893912_6172971209515795514_n-small.jpg,,,,,,x,,,,,,,,,,,,,x,,,,,,,,x,,,,,,,,,,,,,,,,,,x,,,,,,,,,,,,,,,,x,,,,,,,,,,,,,,,,,,,,,,,,x,,,,x,,,,,,,,,,,,,,,,,,x,,,,x,,,,,,,,,,,,,,,,,,,,,,,,,,,,,,x,x,x,,,,,,,,,,,,,,,,,x,x,,,,,,,x,,x,,,,,,,,,,,,,,,,,,,,,,,,,,,,,,,,,,,,,,,,,,,,,,,,,,,,,,,,,,,,,,x,,,,,,,,,,x,,,,,,,,,,,,,,,,,,x,,,,,,,x,,,
https://scripts.njae.me.uk/festive-road-pictures/small/2017/festival-of-giants-2017/19554631_10155799127553912_8530113848165572392_n-small.jpg,,x,,,,x,,,,,,,,,,,,,,x,,,,,,,,,,,,,,,,,,,,,,,,,,,,,,,,x,,,,,,,,,,,,,,,x,,,,,,x,,,,x,,x,,,,,,,,,,x,,,,,,,,,,,,,,x,,,,,,,,x,,,,,,,,,,,,,,,,,,,x,,,,,,,,,,,,x,,,,,,x,,,x,,,,,,,,,,,,,,,,,x,,,,,x,,,,,,,,,,,,,,,,,,,,,,,,,,,,,,,,,,,,,,,,,,,,,,,,,,,,,,,,,,,x,,,,,,,,,,,,,,,,,,x,,,,,,,,,,,,,,,,,x,,,
https://scripts.njae.me.uk/festive-road-pictures/small/2017/festival-of-giants-2017/19554727_10155798956623912_113799028821189064_n-small.jpg,,x,,,,x,,,,,,,,,,,,,,x,,,,,,,,,,,,,,,,,,,,,,,,,x,,,,,,,x,,,,,,,,,,,,,,,,,,,,,,,,,,,,,,,,,,,,,x,,,,,,,,,,,,,,,,,,,,,,x,x,,,,,,,,,,,,,,,,,,,,,,,,,,,,,,x,x,,,,,,,,,,,,,,,,,,,,,,,,,x,,,,,,,,,x,,,x,,,,,,,,,,,,,,,,,,,,x,,,,,,,,,,,,,,,,,,,,,,,,,,,,,,,,,,,,,,,,,x,,,,,,,,,x,,,,,x,,,,x,,x,,,,,,x,,,
https://scripts.njae.me.uk/festive-road-pictures/small/2017/festival-of-giants-2017/19554754_10155798957063912_2647885632176725373_n-small.jpg,,x,,,,x,,,,,,,,,,,,,,,,,,,,,x,,,,,x,,,,,,,,,,,,,x,,,,,,,x,,,,x,,,,,x,,,,,,,,,,,,,,,,,,,,,,,,,,,,x,,,,,,,,,,,,,,x,,,,x,,,,x,x,,,,,,,,,,,,,,,,,,,,,,,,,,,,,,x,x,,,,,x,,,,,,,,,,,,,,,,,,,,x,,,,,,,,,,,,x,,,,,,,,,,,,,,,,,,,,,,,,,,,,,,,,,,,,,,,,,,,,,,,,,,,,x,,,,,,,,,,,,,,,,,,,,,,,,,,,,,,,,,,,x,,,
https://scripts.njae.me.uk/festive-road-pictures/small/2017/festival-of-giants-2017/19554866_10155798956333912_5795299722510884423_n-small.jpg,x,,,,,x,,,,,,,,,,,,,,,,,,,,,,,,,,,,,,,,,,,,,,,x,,,,,,,x,,,,,,,,,x,,,,,,,,,,,,x,,,,,,,,,,,,,,,,x,,,,,,,,,,,,,,,,,,,,,,x,x,,,,,,,,,,,,,,,,,,x,,,,,,,,,,,,x,x,,,,x,,,,,,,,,,,,,,,,,,,,,x,,,,,,,,,x,x,,,,,,,,x,,,,,,,,,,,,,,,,,,,,,,,,,,,,,,,,,,,,,,,,,,,,,,,,,,,,,,,x,,,,,,,,,x,,,,,,,,,,,,,,,,,x,,,
https://scripts.njae.me.uk/festive-road-pictures/small/2017/festival-of-giants-2017/19554874_10155798989763912_171885814959398188_n-small.jpg,,,x,x,,,,,,,,,,,,x,,,,,,,x,,,,,,,,,,,,,,,,,,,,,,,,,,,,,x,,,,,,,,,,,,,,,,,,,,x,,,,,,,,x,,,,,,,,,,,,,x,,,,,,,,,,,,,,,,,,,,,,,,,,,,x,,,,,,,,,,,,,,,,,,,,,,,x,,,,x,,,,,,,,,,,,,,,,,,,,x,,,,,,,,,x,,,x,,,,,,x,,,,x,,,,,,,,,,,,,,,,,,,,,,,,,,,x,,x,,,,,,,,,,,,,,,,,,,,x,,,,,,,,,,,,,,,,,,,,,,x,,,,,,,,,
https://scripts.njae.me.uk/festive-road-pictures/small/2017/festival-of-giants-2017/19601395_10155798985198912_1803305185226019401_n-small.jpg,,,,,,x,,,,,,,,,,,,,,,,,,,,,,,,,,,,,,,x,x,,,,,,,x,,,,,,,,,,,,,,,,,,,,,,,,,,,,,,,,,,,,,,,,,,,,,,,,,,,,,,,,,,,,,,,,,,x,,,,,,,,,,,,,,,,,,,x,,,,x,,,,,,,x,x,,,,,,,,,,,,,,,,,,,x,,,,,,,x,,,,,,,,,,,,x,,,,,,x,x,,,,,,,,,,,,,,,,,,,,,,,,,,,,,,,,,,,,,,,,,,,,,,,,,,,,,,x,x,,,x,,,,,x,,,,x,,,,,,,x,,,,,,,,,
https://scripts.njae.me.uk/festive-road-pictures/small/2017/festival-of-giants-2017/DDKp_FNXUAAu_8A-small.jpg,,,,,,x,,x,,,,,,,,,,,,,,,,,x,,,,,,,,,,,,,,,,,,,,x,,,,,,,,,,,,,,,,,,,,,,,,,,,,,,,,,,,,,,,,,x,x,,x,,,,,,,,,,,,,,x,,,,,,,,x,,,,,,,,,,,,,,,,,,,,,,,x,,,,,,,,x,,,,,,,,,,,,x,,,,,,x,x,,,,,,,x,,x,,,,,,,,,,x,,,,,,,,,,,,,,,,,,,,,,,,,,,,,x,,,,,,,,,,,,,,,,,x,,,,,,,,,,,,,,,,,,,,,,,,,,,,,,,,,,,,,,,,,x,,,
https://scripts.njae.me.uk/festive-road-pictures/small/2017/festival-of-giants-2017/DDKqCVGXkAAFepe-small.jpg,,,,,,,,,,,,,,,,,,,,,,x,,,,,,x,,,,,,,,,,,,,,,,,,,,,x,,x,,,,,,,,,,,,,,,,,,,,,,,,,,,,,,,,,,,,,,,,,,,x,,x,,,,,,,,,,,,,,,,,,,,,,,,,,,,,,,,,,x,,,x,,,,,,,,,,,,,,,,,,,,,x,x,,,,,,x,,,,,,,x,,,,,,,,,,,,,,,,,,,,,,,,,,,,,,,,,,,,,,,,,x,,,,,,,,,,,,,,,,,x,x,,,,,,,,,,,,,,,x,x,x,,x,,,,,,,,,,,,,,,,,,x,,,,,,
https://scripts.njae.me.uk/festive-road-pictures/small/2017/festival-of-giants-2017/DDKqFVHXkAEk-J6-small.jpg,,,,,,,,x,,,,,,,,,,,,,,,,,,,,,,,,,,,,,,x,,,,,,,,,,,,,,,,,,,,,,,,,,,,,,,,,,,,,,,,,,,,,,,,x,x,,,,,,,,,,,,,,,,,,,,,,x,,x,,,,,,,,,,,,,,,,,,,x,,,,,,,,,,,x,x,,,,,,,,,,,,,x,,,,,,x,,,,,,,x,,,,,,,,,,,,x,,,,,,,,,,,,,,,,,,,,,,,,,,,,,x,,,x,,,,,,,,,,,,,,x,,,,,,,,,,,,,,,x,x,,,,,,,,x,,,,,,,,,,,x,,,,,,,,,
https://scripts.njae.me.uk/festive-road-pictures/small/2017/festival-of-giants-2017/DDKqLmLW0AAbO5M-small.jpg,,x,,,,x,,,,,,,,,,,,,,,,,,,,,,,,,,,,,,,,,,,,,,,x,,,,,,,x,,,,,,,,,x,,,,,,,,,,,,,,,,,,,,,,,,,,,,x,,,,,,,,,,,,,,x,,,,,,,,x,x,,,,,,,,,,,,,,,,,,,,,,x,,,,,,,,x,,,,,,,,,,,,,,,,,,,x,,,,,,,x,,,,,,,,,x,x,,x,,,,,,,,,,,,,,,,,,,,,,,,,,,,,x,,x,,,,,,,,,,,,,,,,,,,,,,,,,,,,,,,x,,,,,,,,x,,,,,,,,,,,,,,,,,,,,
https://scripts.njae.me.uk/festive-road-pictures/small/2017/festival-of-giants-2017/DDMmVktXcAQPBzz-small.jpg,,,,,,x,,,,,,,,,x,,,,,,,x,,,,,,,,,,,,,,,,,,,,,,,x,,,,,,,,,,,,,,,,,,,,,,,x,,,,,,,,,,,,,,,,,,,,,,,,,,,,,,,,,,,,,,,x,,,,,,,,,,,,,,,,x,,,,,,,,,,,,,,,,,,,x,,,,,,,,,,,,,,,,,,x,,,,,,,,x,,x,,,,x,x,,,,,,,,,x,,,,,,,,,,,,,,,,,,,,,,,x,,,,,,,,,,,,,,,,,,,,,,,,,,,,,,,,,,,,,,x,,,,x,,,,,,,,,,,x,,,,,,,x,,,x
https://scripts.njae.me.uk/festive-road-pictures/small/2017/festival-of-giants-2017/DDMnwNKXcAEfKHV-small.jpg,,,,,,x,,,,,,,,,,,,,,,,,,,,,,,,,,,,,,,,,,,x,,x,,,,,,,,,x,,x,,x,,,,x,,,,,,,,,,,,,,,,,,,,,,,,,,,,,x,,,,,,,,,,,,,,,,,,,,,,x,x,,,,,,,,,,,,,,,,,,,,,,,,,,,,,,x,x,,,,x,,,,,,,,,,,,,,,,,,x,,,x,x,,,,,,,,,,,x,,x,,,,,,,,,,,,,,,,,,,,,,,,,,,,,,,,,,,,,,,,,,,,,,,,,,,,,,,,,,,,,,,,,,,,,,,,,,,,,,x,,,,,,,x,,,
https://scripts.njae.me.uk/festive-road-pictures/small/2017/festival-of-giants-2017/DDMnwNMW0AAcMYY-small.jpg,,,,,,x,,,,,,,,,,,,,,,,,,,,,,,,,,,,,,,,,,,,,x,,,,x,,,,,x,,,,x,,,,,x,,,,,,,,,,,,,,,,,,,,,,,,,,,,x,,,,,x,,,,,,,,,,,,,,,,,x,x,,,,,,,,,,,,,,,,,,x,,,,,,,,,,,,x,x,,,,x,,,,,,,,,,,,,,,,,,,,,x,,,,,,,,,,,,x,,x,,,,,,,,,,,,,,,,,,,,,,,,,,,,,,,,,,,,,,,,,,,,,,,,,,,,,,,,,,,,,,,,,,,,x,,,,,,,,,,x,,,,,,,x,,,
https://scripts.njae.me.uk/festive-road-pictures/small/2017/festival-of-giants-2017/DDPjOJVXkAATWxN-small.jpg,,x,,,,x,,,,,,,,,,,,x,,,,,,,,,,,,,,,,,,,,,,,x,,,,,,x,,,,,x,,,,x,,,,,,,,,,,,,,,,,,,,,,,x,,,,,,,,,,x,,,,,x,,,,,,,x,,x,,,,,,,,x,,,,,,,,,,,,,,,,,,,,,,,,,,,,,,,,x,,,,,,,,,,,,,,,,,,x,,,,,,,x,x,,,,,,,,,,,,,,,,,,,,,,,,,,,,,,,,,,,,,,,,x,,,,,,,,,,,,,,,,,x,,,,,,,,,,,,,,,,x,,,,,,,,,,,,,,,,,,,,,,,,,,,,
https://scripts.njae.me.uk/festive-road-pictures/small/2017/festival-of-giants-2017/DDPjOLmXUAA2RKf-small.jpg,,x,,,,x,,,,,,,,,,,,,,,,,,,,,,,,,,,,,,,,,,,,,,,x,,,,,,,x,,,,,,,,,x,,,,,,,,,,,,,,,,,,,,,,,,,,,,x,,,,,,,,,,,,,,x,,,,,,,,x,x,,,,,,,,,,,,,,,,,,,,,,,,,,,,,,x,x,,,,,x,,,,,,,,,,,,,,,,,,,,x,,,,,,,,,x,,,x,,,,,,x,,,,,,,,,,,,,,x,,,,,,,,,,,,,,,,,,,,,,,,,,,,,,,,,,,,,,,,,x,x,,,,,,,,x,,,,,,,,,,,,,,,,,,,,
https://scripts.njae.me.uk/festive-road-pictures/small/2017/festival-of-giants-2017/DDPjOMKXUAApUJD-small.jpg,,,,,,x,,,,,,,,,,,,,,,,,,,,,,,,,,,,,,,,,,,,,,,x,,,,,,,x,,,,,,,,,,,,,,,,,,,,,,,,,,,,,,,,,,,,,x,,,,,,,,,,,,,,x,,,,,,,,x,x,,,,,,,,,,,,,,,,,,,,,,x,,x,,,,,,x,,,,,,x,,,,,,,,,,,,,,,,,,,,x,,,,,,,,,x,,,x,,,,,,x,,,,,,,,,,,,,,x,,,,,,,,,,,,,,,,,x,,,,,,,,,,,,,,,,,,,,,,,,x,,,,,,,,,x,,,,,,,,,,,,,,,,,x,,,
https://scripts.njae.me.uk/festive-road-pictures/small/2017/festival-of-giants-2017/DDPjOPEXcAA3-Mm-small.jpg,,,,,,x,,,,,,,,,,,,,,,,,,,,,,,x,,,,,,,,,,,x,,,,,,,,,,,,,,,,,,,,,x,,,,,,,,,,,,,,,,,,,,,,,,,,,,,,,,,,,,,,,,,,,,,,,,,,x,,,,,,,,,,,,,,,,,,,x,,,,,,,,,,,,x,x,,,,x,,,,,,,,,,,,,,x,,,,,x,,x,,,,,,,,,,,,,,x,,,,x,,,,,,,,,,,,,,x,,,,,,,,,,,,,,,,,,,,,,,,,,,,,,,,,,,,x,,,,,x,x,x,,,,,,,x,,,,,,,,,,,,,,,,,,,,
https://scripts.njae.me.uk/festive-road-pictures/small/2017/festival-of-giants-2017/DSC_0863-small.jpg,,,,,,,,,,,,x,,,x,,,,,,x,,,,,,,,,,,,,,,,,,,,,,,,x,x,,,,,,,,,,,,,,,,,,,,,,,,,,,,,,x,,,,,,,,,,,,,x,,,,,,,,,,,,,,x,,,,,,,,,,,,,,,,,,,,,,,,,,,x,,,,,,,,,,,,,,,,,,,,,,,,,x,,,,,,x,,,,,,,x,,,,x,,,,,,,,x,,x,,,,,,,,,,,,,,,,,,,,,,,,,,,x,,,,,,,,,,,,,,,,,,,,,,,x,,,,,,,,x,,x,,,,,,x,,,,,,,,,,,,,,,,,,,,,,
https://scripts.njae.me.uk/festive-road-pictures/small/2017/festival-of-giants-2017/GOPR2388-small.jpg,,,,,,x,,,,,,,,,,,,,,,,,,,,,,,,,,,,,,x,,,,,x,,,,x,,x,,,,,,,,,x,,,,,,,,,,,,,,,,,,,,,,,x,,x,,,,x,,,,x,,,,,,,,,,,,,,x,,,,,,,,x,,,,,,,,,,,,,,,,,,,x,,,,,,,,,,,,x,x,,,,,,,,,,,,,,,,,,,,,,,,,x,,,,,,,,,,,,x,,,,,,,,,,,,,,,,,,,,,,,,,,,,,,,,,,,,,,,,,,,,,,,,,,,,x,,,,,x,,,,,,,,,,,,,,,,,,,,,,,,,,,,,,x,,,
https://scripts.njae.me.uk/festive-road-pictures/small/2017/festival-of-giants-2017/GOPR2390-small.jpg,,,,,,x,,,,,,,,,,,,,,,x,,,,,,x,,,,,,,,,,,,,,,,,,x,,,,,,,,,,,x,,,,,x,,,,,,,,,,,,,,,,,,,,,,,,,,,,x,,,,,,,,,,,,,,x,,,,,,,,x,x,,,,,,,,,,,,,,,,,,,,,,,,,,,,,,x,x,,,,,x,,,,,,,,,,,,,,,,,,,,x,,,,,,,,,,,,x,,,,,,,,,,,,,,,,,x,,,,,,,,,,,,,,,,,,,,,,,,,,,,,,,,,,,,,,,x,x,,,,,x,,,,,,,,,,,,,,,,,,,,,,,,,x,,,
https://scripts.njae.me.uk/festive-road-pictures/small/2017/festival-of-giants-2017/IMG_9295-small.jpg,,,,,,,,,,,,,,,,,,,,,,,,,,,,,x,x,,,,,,,,,,,,,,,,,,,,,x,,,,,,,,,,,,x,,,,,,,,,,,,,,,,,,,,,,,,,,x,,,,,x,,,,,x,,,,,,,,,,,,,,,,,,,,,,,,,x,,,,,,,,,,,,,,,,,,,,,,,,,,,,,,,x,,,,,,x,,,,,x,,,,,,,,,,,,,,,,,,,,,,,,,,,,,,,,,,,,,,x,x,,,,x,,,,,,,,,,,,,,,,,x,,,x,,,,,,,,,,,x,,x,,,,,,,,,,,,,,,,,,,,,,,,,,x,x,
https://scripts.njae.me.uk/festive-road-pictures/small/2017/festival-of-giants-2017/IMG_9302-small.jpg,,,,x,,x,,,,,,,,,,,,,,,,,,,,,,,,,,,,,,,,,,,,,,,x,,,,,,,x,,,,,,,,,,,,,,,,,,,,,,,x,,,,,x,,,,,,,,,x,,,,,,,,,,,,,,x,,,,,,x,,,,,,x,,,,,,,,,,,,,,,,,,,x,,x,,,,,,,,,,,,x,,,,,,x,,,,,,,x,,,,,,,x,,,,,,,,,,,,x,,,,,,,,,,,,,,,,,,,,,,,,,,,,,,,,,,,,,x,,,,,,,,,x,,,,,,,,,,,,,,,,,,,,,,,,,,,,,,,,,,,,,,,,,x,,,
https://scripts.njae.me.uk/festive-road-pictures/small/2017/festival-of-giants-2017/IMG_9303-small.jpg,,,,,,x,,,,,,,,,,,,,,,x,,,,,,,,,,,,,,,,,,,,,,,,,,,,,,,,,,,,,,,,,,,,,,,,,,,,,,,,,,,,,,,,,,,x,,,,,,,,,,,,,,,x,,,,x,,,,,,,,,,,,,,,,,,,,,,,,,,,x,,,,,,,,,,,,,,,,,,,,x,,,,,,x,x,,,,,,,x,,,,,,x,,,,,,x,,,,,,,,,,,,,,,x,,,,,,,,,,,,,,x,,,,,,,,,,,,,,,,,x,,,,,,,,,,,,,,,,x,,,,,,x,,,,,,,,,x,,,,,,,,,,x,,,x
https://scripts.njae.me.uk/festive-road-pictures/small/2017/festival-of-giants-2017/IMG_9304-small.jpg,,,,,,,,,,,x,,,,,,,,,,,x,,x,,,,,,,,,,,,,,,,,,,,,,,,x,,,x,,,,,,,,,,,,,x,,,,,,,,,,,,,,,,,,,,,,,,,,,,x,,,,,x,,,,,,,,,,,,,,,,,,,,,,,,,,,,,,,,,,,,,,,,,,,,,,,,,,,,,,,,,x,x,x,,,,x,x,,,,,,,,,,,,,,,,,,,,,,,,,,,,,,,,,,x,,,,,,,,,,,,,,x,,,,,,,,,,,,,,,,,x,,,x,,,,,,,,,,,,,,,,,,,,,,,,,,,,x,,,,,,x,,x,,,,,
https://scripts.njae.me.uk/festive-road-pictures/small/2017/festival-of-giants-2017/IMG_9306-small.jpg,,,,,,,,x,,,x,,,,,,,,,,,,,,,,,,,,,,,,,,,,,,,,,,,,,,,,x,,,,x,,,,,,,,,,,,,,,,,,,,,,x,,,,,,,,,x,,,,x,,,,,,,,,,,,,,,,,,,x,,,,,,,x,,,,,,,,,,,,,,,,,,,,,,,,,x,,,,,,,,,,,,,x,x,,,,,x,x,,,,,x,,,,,,,,,,,,,,,,,,,,,,,,,x,,,,,,,,,,,,,,,,,,,,,,,,,,,,,,,,,,,x,,,,,,,,,,,,,,,,,x,,,,,,,,,,,,,,,,,,,x,x,,,,,,,
https://scripts.njae.me.uk/festive-road-pictures/small/2017/festival-of-giants-2017/IMG_9308-small.jpg,,,,,,x,,,,,,,,,,x,,,,,,,,,,,,,,,,,,,,,,,,,,,,,x,,,,,,,x,,,,,,,,,,,,,,,,,,,,,,,,,,,,,,,,,,,,,,,,,,,,,,,x,x,,,x,x,,,,,,,,,,,,,,,,,,,,,,,,,,,,,,,,,,,,,x,x,,,,,,,,,,,,,x,,,,,x,x,x,,,,,,x,,,,,,x,,,,,,x,,,,,,,,,,,,,,,,,,,,,,,,,,,,,,,x,,,,,,,x,,,,,,,,,,,,,,,,,,,,,,,,,,,,,,,,,,,,,,,,,,x,,,,,,,,,,
https://scripts.njae.me.uk/festive-road-pictures/small/2017/festival-of-giants-2017/IMG_9310-small.jpg,,,,,,x,,,,,,,,,,,,,,,,,,,,,,,,,,,,,,,,,,,,,,,x,,,,,,,,,,,,,,,,,,,,,,,,,,,,,,,,,,,,,,,,,,,,x,,,,,,,,,,,,,,x,,,,,,,,,,,,,,,,,,,,,,,,,,,,,,,x,,,,,,,,x,,,,x,,,,,,,,x,,,,,,x,x,,x,,,x,,x,,x,,,,x,,,,,,x,,,,,,,,,,,,,,,,,,,,,,,,,,,,,,,,,,,,,,,,,,,,,,x,,,,,,,,,,,,,,,,,,,x,,,,,,,,,,,,,,,,,,,,,,x,,,x
https://scripts.njae.me.uk/festive-road-pictures/small/2017/festival-of-giants-2017/IMG_9311-small.jpg,,,,,,,,,,,x,,,,x,,,,,,,,,,x,,,,,,,,,,,,,,,,,,,,,,,x,,,x,,,,,,,,,,,,,x,,,,,,,,,,,,,,,,,,x,x,,,,,,,,,x,,,,,,,,,,,,,,,,,,,,,,x,,,x,,,,,,,,,,,,,,,,,,,,,,,,,x,,,x,,,,,x,,,,x,x,,,,,x,,,,,,,,x,,,,,,,,,,,,,,,,,,,,,,,,,,,,x,,,,,,,,,,,,,,,,,,,,,,,,,,,,,,,,,,,,,,,,,,,,,,,,,,,,,,,,,,,,,,,,,,,,,,,x,,,
https://scripts.njae.me.uk/festive-road-pictures/small/2017/festival-of-giants-2017/IMG_9313-small.jpg,,,,,,,,,,,,,,,,,,,,,,,,,,x,,,,,,,,,,,,,,,,,,,,,,,,,,,,,,,,,,,,,,,,,,,,,,,,,,,,x,,,,,,,,,,,,,,,,,,,,,,,,,,,,,,,,,,,,,,,,,,,,,,x,,,,x,,,,,,,,,,,,,,,,,,,,,,,,,,,x,,,,x,x,,,,,,,,,,,,,,,,,,,,,,,,,,,,x,,,,x,,,,,,,,,x,,,,,,,,,,,,,,,,,,,,x,,,,,,,,,,x,,,,,,,,,,x,x,,,,,,,,x,,,x,,,,,x,,,x,,,,,,,x,x,
https://scripts.njae.me.uk/festive-road-pictures/small/2017/festival-of-giants-2017/IMG_9315-small.jpg,,,,,,x,,,,,,,,,,,,,,,,,,,,,,,,,,,,,,,,,,,,,,,,,,,,,,,,,,,,,,,x,,,,,,,,,,,,,,x,,,,,,,,,,,,,,,,,,,,,,,,,,x,,x,,,,x,,,,,,,,x,,,,,,,,,,,,,,,,,,,x,,,,,,,,,,,,,,,,,,,,x,,,,,,x,x,,,,,,,x,,,,,,x,,,,,,x,,,,,,,,,,,,,,,,,,,,,,,,,,,,,x,,,,,,,,,,,,,,,,,x,,,,,,,,,,,,,,,,x,,,,,,,,,x,,,,,,,,,x,,,,,,,x,,,
https://scripts.njae.me.uk/festive-road-pictures/small/2017/festival-of-giants-2017/IMG_9316-small.jpg,,,,,,,,,,,,,,,,,,,,,,x,,x,,,,,,,,,,,,,,,,,,,,,,,,,,,x,,,,,,,,,,,,,,,,,,,,,,,,,,,,,,,,,x,,,,,,,,,,,,,,,,,x,,x,,,,,,x,,,,,,,,,,,,,,,,,,,,,,,,,x,,,,,,,,,,,,,,,,,,,,x,x,,,,,,x,,,,,,,,,,,,,,,,,,,x,,,,,,,,,,,,,,,,,,,,,,,,,,,,,x,,,,,,,,,,,,,,,,,x,x,,,,,,,,,,,,,,,x,x,x,,,,,,,,,,,,,x,,,,,,,,x,,,,,
