url,Generic,Costume,Puppet,Mechanism,Lantern,Vehicle,Drumer,Goose,Elephant
https://scripts.njae.me.uk/festive-road-pictures/small/2008/santa_and_the_magical_christmas_2008/santa_and_the_seriously_magical_xmas_ride_1_(36)-small.jpg,x,,,,,,,,
https://scripts.njae.me.uk/festive-road-pictures/small/2008/santa_and_the_magical_christmas_2008/santa_and_the_seriously_magical_xmas_ride_1_(48)-small.jpg,x,,,,,,,,
https://scripts.njae.me.uk/festive-road-pictures/small/2008/santa_and_the_magical_christmas_2008/santa_and_the_seriously_magical_xmas_ride_1_(5)-small.jpg,x,,,,,,,,
https://scripts.njae.me.uk/festive-road-pictures/small/2008/seriously_magical_xmas/festive_road__28-small.jpg,x,,,,,,,,
https://scripts.njae.me.uk/festive-road-pictures/small/2009/brighton_tea_party_jul_2009/DSC_0102-small.jpg,,x,,,,,,,
https://scripts.njae.me.uk/festive-road-pictures/small/2009/brighton_tea_party_jul_2009/DSC_0107-small.jpg,,x,,,,,,,
https://scripts.njae.me.uk/festive-road-pictures/small/2009/brighton_tea_party_jul_2009/DSC_0227-small.jpg,,x,,,,,,,
https://scripts.njae.me.uk/festive-road-pictures/small/2009/brighton_tea_party_jul_2009/DSC_0252-small.jpg,,x,,,,,,,
https://scripts.njae.me.uk/festive-road-pictures/small/2009/Diwali_Oct_2009/diwali_nothampton2009_290-small.jpg,x,,,,,,,,
https://scripts.njae.me.uk/festive-road-pictures/small/2009/Diwali_Oct_2009/diwali_nothampton2009_329-small.jpg,,x,x,,,,,,
https://scripts.njae.me.uk/festive-road-pictures/small/2009/fascination/14.2.09_486-small.jpg,x,,,,,,,,
https://scripts.njae.me.uk/festive-road-pictures/small/2009/fascination/DSC_0089.JPG-small.jpg,,,x,x,,,,,
https://scripts.njae.me.uk/festive-road-pictures/small/2009/fascination/DSCF5803-small.jpg,,,x,,,,,,
https://scripts.njae.me.uk/festive-road-pictures/small/2009/fascination/puppet_2009_(20)-small.jpg,x,,,x,,,,,
https://scripts.njae.me.uk/festive-road-pictures/small/2009/fascination/puppet_2009_(27)-small.jpg,,,x,,,,,,
https://scripts.njae.me.uk/festive-road-pictures/small/2009/festive_road_sept_2009-jpegs/festive_road_puppet_2009-mk_(22)-small.jpg,x,,,,,,,,
https://scripts.njae.me.uk/festive-road-pictures/small/2009/festive_road_sept_2009-jpegs/mk_champion_(96)-small.jpg,,,x,,,,,,
https://scripts.njae.me.uk/festive-road-pictures/small/2009/festive_road_sept_2009-jpegs/mk_chapmion_(92b)-small.jpg,,,x,,,,,,
https://scripts.njae.me.uk/festive-road-pictures/small/2009/isle_of_wight/isle_of_wight_ryde__2009_133-small.jpg,,x,,,,,,,
https://scripts.njae.me.uk/festive-road-pictures/small/2009/LUTS_-_Nov_2009/festive_road_lantern_festival_november_2009-pix_jason_hurst_(123)-small.jpg,x,,x,,x,,,,
https://scripts.njae.me.uk/festive-road-pictures/small/2009/LUTS_-_Nov_2009/festive_road_lantern_festival_november_2009-pix_jason_hurst_(158)-small.jpg,,,x,,x,,,,
https://scripts.njae.me.uk/festive-road-pictures/small/2009/LUTS_-_Nov_2009/festive_road_lantern_festival_november_2009-pix_jason_hurst_(24)-small.jpg,x,,,,,,,,
https://scripts.njae.me.uk/festive-road-pictures/small/2009/LUTS_-_Nov_2009/festive_road_lantern_festival_november_2009-pix_jason_hurst_(73)-small.jpg,,,,,x,,,,
https://scripts.njae.me.uk/festive-road-pictures/small/2009/mk_carnival_arts_training_course_jun_2009/DOne_2-small.jpg,,x,,,,,,,
https://scripts.njae.me.uk/festive-road-pictures/small/2009/mk_carnival_arts_training_course_jun_2009/DSC_0120-small.jpg,x,,,,,,,,
https://scripts.njae.me.uk/festive-road-pictures/small/2009/mk_carnival_arts_training_course_jun_2009/DSC_0160-small.jpg,x,,,,,,,,
https://scripts.njae.me.uk/festive-road-pictures/small/2009/mk_carnival_arts_training_course_jun_2009/DSC_0255-small.jpg,x,x,,,,,,,
https://scripts.njae.me.uk/festive-road-pictures/small/2009/mk_carnival_arts_training_course_jun_2009/DSC_0291-small.jpg,x,,,,,,,,
https://scripts.njae.me.uk/festive-road-pictures/small/2009/mk_carnival_arts_training_course_jun_2009/FR_9th_JUNE_TRAINING_078-small.jpg,,x,,,,,,,
https://scripts.njae.me.uk/festive-road-pictures/small/2009/Shoe_of_shoes/DSC_0104-small.jpg,x,,,,,,,,
https://scripts.njae.me.uk/festive-road-pictures/small/2009/shoe_town_parade_aug_2009/DBI_0050-small.jpg,,x,,,,x,,,
https://scripts.njae.me.uk/festive-road-pictures/small/2009/SImon_Northampton_Carnival_Arts_Training/DSC_0074-small.jpg,x,,,,,,,,
https://scripts.njae.me.uk/festive-road-pictures/small/2009/tea_cups_and_w_bletchley_jun_2009/pre_carnival_schools_june_2009_(6)-small.jpg,x,,,,,,,,
https://scripts.njae.me.uk/festive-road-pictures/small/2009/tea_cups_and_w_bletchley_jun_2009/pre_carnival_schools_june_2009_(93)-small.jpg,,x,,,,,,,
https://scripts.njae.me.uk/festive-road-pictures/small/2009/tea_cups_and_w_bletchley_jun_2009/the_west_bletchley_carnival_june_2009_(112)-small.jpg,x,,,,,,,,
https://scripts.njae.me.uk/festive-road-pictures/small/2009/tea_cups_and_w_bletchley_jun_2009/the_west_bletchley_carnival_june_2009_(284)-small.jpg,x,,,,,,,,
https://scripts.njae.me.uk/festive-road-pictures/small/2009/tea_cups_and_w_bletchley_jun_2009/the_west_bletchley_carnival_june_2009_(299)-small.jpg,,x,,,,,,,
https://scripts.njae.me.uk/festive-road-pictures/small/2010/LUTS_2010/light_up_the_sky_nov_2010_(96)-small.jpg,,x,,,x,,,,
https://scripts.njae.me.uk/festive-road-pictures/small/2010/northampton_diwali_2010/jwest-diw10-146-small.jpg,,,x,,,,,,
https://scripts.njae.me.uk/festive-road-pictures/small/2011/chinese_dragon_corby/Mk_Gallery-small.jpg,,,,,,,x,,
https://scripts.njae.me.uk/festive-road-pictures/small/2011/cp_-_power_point_dreams_stills/end_bow-small.jpg,,,x,,,,,,
https://scripts.njae.me.uk/festive-road-pictures/small/2011/Creative_Cafe_Sep_2011/Arogundade_(210)-small.jpg,,x,,,,,,,
https://scripts.njae.me.uk/festive-road-pictures/small/2011/In_Search_of_Nessie_-_MKG_Feb_2011/_MKG5123-small.jpg,x,,,,,,,,
https://scripts.njae.me.uk/festive-road-pictures/small/2011/In_Search_of_Nessie_-_MKG_Feb_2011/_MKG8304-small.jpg,x,,,,,,,,
https://scripts.njae.me.uk/festive-road-pictures/small/2011/John_Mason_School_oxford/DSC_0640-small.jpg,x,x,,,,,,,
https://scripts.njae.me.uk/festive-road-pictures/small/2011/John_Mason_School_oxford/DSC_0865-small.jpg,x,,,,,,,,
https://scripts.njae.me.uk/festive-road-pictures/small/2011/luts_2011/IMG_5252-small.jpg,x,,,,x,,,,
https://scripts.njae.me.uk/festive-road-pictures/small/2011/Northampton_School_for_Girls/DSC_0006-small.jpg,,x,,,,,,,
https://scripts.njae.me.uk/festive-road-pictures/small/2011/st_andrews_school_oxford/DSC_0580-small.jpg,,x,,,,,,,
https://scripts.njae.me.uk/festive-road-pictures/small/2012/brewing_up_2012/mattphoto_288_pf-1389-small.jpg,x,,,,,,,,
https://scripts.njae.me.uk/festive-road-pictures/small/2012/brewing_up_2012/mattphoto_288_pf-335-small.jpg,,x,,,,,,,
"https://scripts.njae.me.uk/festive-road-pictures/small/2012/Diwali,_Northampton/D152-small.jpg",,x,,,,,,,
https://scripts.njae.me.uk/festive-road-pictures/small/2012/Greenhouse/_LE10001-small.jpg,x,,,,,,,,
https://scripts.njae.me.uk/festive-road-pictures/small/2012/walking_with_giants/Dino57-small.jpg,,,x,,,,,,
https://scripts.njae.me.uk/festive-road-pictures/small/2012/walking_with_giants/IMG_3311-small.jpg,,x,x,,,,,,
https://scripts.njae.me.uk/festive-road-pictures/small/2012/walking_with_giants/IMG_3447-small.jpg,,,x,,,,,,
https://scripts.njae.me.uk/festive-road-pictures/small/2012/walking_with_giants/IMG_3559-small.jpg,,x,,,,,,,
https://scripts.njae.me.uk/festive-road-pictures/small/2012/Xcentric_Arts/FR11-small.jpg,x,,,,,,,,
https://scripts.njae.me.uk/festive-road-pictures/small/2013/clown_workshop/268030_10151446648377421_1899737299_n-small.jpg,x,,,,,,,,
https://scripts.njae.me.uk/festive-road-pictures/small/2013/cnse_conference/IMG_6849-small.jpg,x,,,,,,,,
https://scripts.njae.me.uk/festive-road-pictures/small/2013/cnse_conference/IMG_6959-small.jpg,x,,,,,,,,
https://scripts.njae.me.uk/festive-road-pictures/small/2013/diwali/Diwali-nptn-jpegs-oct_2013-hurst_(95)_(1280x848)-small.jpg,,,x,,,,,,
https://scripts.njae.me.uk/festive-road-pictures/small/2013/Fair_play/Legge_8-small.jpg,x,x,,,,,,,
https://scripts.njae.me.uk/festive-road-pictures/small/2013/St_Patricks_Parade/8537411438_d0fe5018a8_m-small.jpg,x,,,,,,,,
https://scripts.njae.me.uk/festive-road-pictures/small/2013/St_Patricks_Parade/8559803767_473a52a16a_s-small.jpg,x,,,,,,,,
https://scripts.njae.me.uk/festive-road-pictures/small/2013/St_Patricks_Parade/DSC_0506-small.jpg,,x,,,,,,,
https://scripts.njae.me.uk/festive-road-pictures/small/2013/St_Patricks_Parade/DSC_0710-small.jpg,,x,,,,,,,
https://scripts.njae.me.uk/festive-road-pictures/small/2013/The_Chain_Reaction/Chain_Reaction_63_(1280x960)-small.jpg,x,,,,,,,,
https://scripts.njae.me.uk/festive-road-pictures/small/2013/walking_with_giants/2013-07-21_10.42.29-small.jpg,,,x,,,,,,
https://scripts.njae.me.uk/festive-road-pictures/small/2013/walking_with_giants/2013-07-21_11.28.03-small.jpg,x,,,,,,,,
https://scripts.njae.me.uk/festive-road-pictures/small/2013/walking_with_giants/2013-07-21_12.28.08_(848x1280)-small.jpg,,,,x,,x,,,
https://scripts.njae.me.uk/festive-road-pictures/small/2013/walking_with_giants/2013-07-21_13.08.35_(1280x963)-small.jpg,,,,,,x,,,
https://scripts.njae.me.uk/festive-road-pictures/small/2013/walking_with_giants/2013-07-21_13.14.09_(911x1280)-small.jpg,,,x,,,,,,
https://scripts.njae.me.uk/festive-road-pictures/small/2013/walking_with_giants/2013-07-21_13.38.45-small.jpg,,,x,,,,,x,
https://scripts.njae.me.uk/festive-road-pictures/small/2013/walking_with_giants/Giants69-small.jpg,,x,x,,,,,,
https://scripts.njae.me.uk/festive-road-pictures/small/2013/walking_with_giants/Giants79-small.jpg,,,x,,,x,,,
https://scripts.njae.me.uk/festive-road-pictures/small/2013/walking_with_giants/IMG_0436-small.jpg,,,x,,,,,,
https://scripts.njae.me.uk/festive-road-pictures/small/2013/walking_with_giants/IMG_0460-small.jpg,,,x,,,,,,
https://scripts.njae.me.uk/festive-road-pictures/small/2013/walking_with_giants/Walking_with_Giants_(180)-small.jpg,,x,,,,,,,
https://scripts.njae.me.uk/festive-road-pictures/small/2013/walking_with_giants/Walking_with_Giants_(18)-small.jpg,,x,x,,,,,,
https://scripts.njae.me.uk/festive-road-pictures/small/2013/walking_with_giants/Walking_with_Giants_(79)-small.jpg,,,x,,,,,,
https://scripts.njae.me.uk/festive-road-pictures/small/2013/woodhall_winter_wonderland/Woodhall_Winter_Wonderland_06_(1280x1017)-small.jpg,x,,,,x,,,,
https://scripts.njae.me.uk/festive-road-pictures/small/2014/r-a-d-trips/la-raie-manta-nautilus-nantes-small.jpg,,,x,x,,,,,
https://scripts.njae.me.uk/festive-road-pictures/small/2014/west-bletchley-carnival/WBC_14-small.jpg,,x,,,,,,,
https://scripts.njae.me.uk/festive-road-pictures/small/2014/west-bletchley-carnival/workshop01-small.jpg,,,x,,,,,,
https://scripts.njae.me.uk/festive-road-pictures/small/2014/wwg/IMG_4952-small.jpg,x,,,,,,,,
https://scripts.njae.me.uk/festive-road-pictures/small/2014/wwg/IMG_5541-small.jpg,,x,,,,,,,
https://scripts.njae.me.uk/festive-road-pictures/small/2014/wwg/IMG_5725-small.jpg,,,,,,,x,,
https://scripts.njae.me.uk/festive-road-pictures/small/2015/berinsfield/20150711_130844-small.jpg,,,,,,x,,,
https://scripts.njae.me.uk/festive-road-pictures/small/2015/paraffinalia/036-small.jpg,,,x,,,,,,
https://scripts.njae.me.uk/festive-road-pictures/small/2015/wwg/D40_7922_1-small.jpg,,,,,,,x,,
https://scripts.njae.me.uk/festive-road-pictures/small/2015/wwg/Giant_Walk_JAR_7217-small.jpg,,x,,,,,,,
https://scripts.njae.me.uk/festive-road-pictures/small/2015/wwg/Giant_Walk_JAR_7305-small.jpg,,,,,,,,,x
https://scripts.njae.me.uk/festive-road-pictures/small/2015/wwg/Giant_Walk_JAR_7511-small.jpg,,,,,,,x,,
https://scripts.njae.me.uk/festive-road-pictures/small/2016/southbank/IMG_7915-small.jpg,x,,,,,,,,
https://scripts.njae.me.uk/festive-road-pictures/small/2017/diwali-2017/_DSF1417-small.jpg,,,,x,,,,,x
https://scripts.njae.me.uk/festive-road-pictures/small/2017/diwali-2017/IMG_9847-small.jpg,,,,,,,,,x
https://scripts.njae.me.uk/festive-road-pictures/small/2017/ewan-pics-2017/DSC02138-small.jpg,,,x,x,,,,,
https://scripts.njae.me.uk/festive-road-pictures/small/2017/festival-of-giants-2017/IMG_9315-small.jpg,,,x,,,,,,